	category	annot	color	lenOG	phrog
0	DNA, RNA and nucleotide metabolism	2-aminooxy adenylosuccinate synthetase	#ffdf59	1496	1
1	DNA, RNA and nucleotide metabolism	3'-5' exonuclease	#ffdf59	73	2
2	DNA, RNA and nucleotide metabolism	ATP-dependent DNA ligase	#ffdf59	10369	2
3	DNA, RNA and nucleotide metabolism	Avd protein of DGR	#ffdf59	386	1
4	DNA, RNA and nucleotide metabolism	Bet-like ssDNA annealing protein	#ffdf59	3971	1
5	DNA, RNA and nucleotide metabolism	CRISPR/Cas system associated	#ffdf59	1116	2
6	DNA, RNA and nucleotide metabolism	Cas4-domain exonuclease	#ffdf59	939	1
7	DNA, RNA and nucleotide metabolism	DNA binding domain	#ffdf59	1226	1
8	DNA, RNA and nucleotide metabolism	DNA binding protein	#ffdf59	32909	82
9	DNA, RNA and nucleotide metabolism	DNA circularization	#ffdf59	46	1
10	DNA, RNA and nucleotide metabolism	DNA condensation	#ffdf59	1229	2
11	DNA, RNA and nucleotide metabolism	DNA ejection	#ffdf59	2090	2
12	DNA, RNA and nucleotide metabolism	DNA ejection protein	#ffdf59	430	2
13	DNA, RNA and nucleotide metabolism	DNA end protector	#ffdf59	4140	1
14	DNA, RNA and nucleotide metabolism	DNA endonuclease	#ffdf59	909	1
15	DNA, RNA and nucleotide metabolism	DNA endonuclease V	#ffdf59	6101	2
16	DNA, RNA and nucleotide metabolism	DNA helicase	#ffdf59	50418	26
17	DNA, RNA and nucleotide metabolism	DNA helicase loader	#ffdf59	6138	1
18	DNA, RNA and nucleotide metabolism	DNA invertase	#ffdf59	6327	3
19	DNA, RNA and nucleotide metabolism	DNA ligase	#ffdf59	1570	12
20	DNA, RNA and nucleotide metabolism	DNA methylase	#ffdf59	167	1
21	DNA, RNA and nucleotide metabolism	DNA polymerase	#ffdf59	47104	56
22	DNA, RNA and nucleotide metabolism	DNA polymerase I	#ffdf59	154	2
23	DNA, RNA and nucleotide metabolism	DNA polymerase III theta subunit	#ffdf59	1130	4
24	DNA, RNA and nucleotide metabolism	DNA polymerase exonuclease subunit	#ffdf59	10329	3
25	DNA, RNA and nucleotide metabolism	DNA polymerase processivity factor	#ffdf59	9074	3
26	DNA, RNA and nucleotide metabolism	DNA polymerase/primase	#ffdf59	6310	12
27	DNA, RNA and nucleotide metabolism	DNA primase	#ffdf59	40850	44
28	DNA, RNA and nucleotide metabolism	DNA primase/helicase	#ffdf59	6389	5
29	DNA, RNA and nucleotide metabolism	DNA repair exonuclease	#ffdf59	2673	3
30	DNA, RNA and nucleotide metabolism	DNA repair photolyase	#ffdf59	160	1
31	DNA, RNA and nucleotide metabolism	DNA repair protein	#ffdf59	782	6
32	DNA, RNA and nucleotide metabolism	DNA replication initiation	#ffdf59	2419	2
33	DNA, RNA and nucleotide metabolism	DNA sliding clamp inhibitor; arrest of S.aureus DNA synthesis	#ffdf59	549	1
34	DNA, RNA and nucleotide metabolism	DNA terminal protein	#ffdf59	243	1
35	DNA, RNA and nucleotide metabolism	DNA topoisomerase	#ffdf59	468	4
36	DNA, RNA and nucleotide metabolism	DNA topoisomerase II	#ffdf59	3859	5
37	DNA, RNA and nucleotide metabolism	DNA topoisomerase II large subunit	#ffdf59	3373	1
38	DNA, RNA and nucleotide metabolism	Dda-like helicase	#ffdf59	5198	1
39	DNA, RNA and nucleotide metabolism	DenB-like DNA endonuclease IV	#ffdf59	1579	1
40	DNA, RNA and nucleotide metabolism	Dmd discriminator of mRNA degradation	#ffdf59	1011	1
41	DNA, RNA and nucleotide metabolism	DnaA-like replication initiation protein	#ffdf59	447	3
42	DNA, RNA and nucleotide metabolism	DnaB-like replicative helicase	#ffdf59	30580	4
43	DNA, RNA and nucleotide metabolism	DnaC-like helicase loader	#ffdf59	12371	3
44	DNA, RNA and nucleotide metabolism	DnaD-like helicase loader	#ffdf59	7638	11
45	DNA, RNA and nucleotide metabolism	DprA-like DNA recombination-mediator protein	#ffdf59	2678	2
46	DNA, RNA and nucleotide metabolism	ERCC4-type nuclease	#ffdf59	405	1
47	DNA, RNA and nucleotide metabolism	Erf recombination cofactor Arf	#ffdf59	491	1
48	DNA, RNA and nucleotide metabolism	Erf-like ssDNA annealing protein	#ffdf59	8884	6
49	DNA, RNA and nucleotide metabolism	GP16.7-like replication protein	#ffdf59	238	1
50	DNA, RNA and nucleotide metabolism	Gp2.5-like ssDNA binding protein and ssDNA annealing protein	#ffdf59	8035	2
51	DNA, RNA and nucleotide metabolism	HNH endonuclease	#ffdf59	110854	125
52	DNA, RNA and nucleotide metabolism	HTH DNA binding domain protein	#ffdf59	377	1
53	DNA, RNA and nucleotide metabolism	HTH DNA binding protein	#ffdf59	23732	56
54	DNA, RNA and nucleotide metabolism	Holliday junction branch migration helicase	#ffdf59	176	1
55	DNA, RNA and nucleotide metabolism	Holliday junction resolvase	#ffdf59	11437	13
56	DNA, RNA and nucleotide metabolism	Ku-like DNA end binding	#ffdf59	375	1
57	DNA, RNA and nucleotide metabolism	Lsr2-like DNA bridging protein	#ffdf59	643	3
58	DNA, RNA and nucleotide metabolism	Mu Gam-like end protection	#ffdf59	7858	5
59	DNA, RNA and nucleotide metabolism	N4-like RNA polymerase	#ffdf59	929	1
60	DNA, RNA and nucleotide metabolism	NAD-dependent DNA ligase	#ffdf59	1649	3
61	DNA, RNA and nucleotide metabolism	Ndd-like nucleoid disruption protein	#ffdf59	1971	1
62	DNA, RNA and nucleotide metabolism	NinB/ Orf homologous recombination mediator	#ffdf59	12553	3
63	DNA, RNA and nucleotide metabolism	NinG/ Rap DNA junction specific endonuclease	#ffdf59	5375	2
64	DNA, RNA and nucleotide metabolism	P-like helicase loader	#ffdf59	6834	1
65	DNA, RNA and nucleotide metabolism	Panton-Valentine leukocicin	#ffdf59	6159	2
66	DNA, RNA and nucleotide metabolism	ParA-like partition protein	#ffdf59	5123	1
67	DNA, RNA and nucleotide metabolism	ParB C-terminal domain	#ffdf59	807	1
68	DNA, RNA and nucleotide metabolism	ParB-like partition nuclease	#ffdf59	354	7
69	DNA, RNA and nucleotide metabolism	ParB-like partition protein	#ffdf59	9430	17
70	DNA, RNA and nucleotide metabolism	RNA 2'-phosphotransferase	#ffdf59	268	1
71	DNA, RNA and nucleotide metabolism	RNA ligase	#ffdf59	9710	12
72	DNA, RNA and nucleotide metabolism	RNA polymerase	#ffdf59	5561	11
73	DNA, RNA and nucleotide metabolism	RNA polymerase ADP-ribosylase	#ffdf59	2426	1
74	DNA, RNA and nucleotide metabolism	RNA polymerase beta subunit	#ffdf59	7091	12
75	DNA, RNA and nucleotide metabolism	RNA polymerase binding	#ffdf59	1611	1
76	DNA, RNA and nucleotide metabolism	RNA polymerase inhibitor	#ffdf59	1536	1
77	DNA, RNA and nucleotide metabolism	RNA replicase beta subunit	#ffdf59	394	1
78	DNA, RNA and nucleotide metabolism	RNA-binding protein	#ffdf59	3940	3
79	DNA, RNA and nucleotide metabolism	RNA-dependent RNA polymerase	#ffdf59	404	1
80	DNA, RNA and nucleotide metabolism	RNAse	#ffdf59	15	1
81	DNA, RNA and nucleotide metabolism	RecA filament binding protein DinI	#ffdf59	4558	1
82	DNA, RNA and nucleotide metabolism	RecE-like recombination exonuclease	#ffdf59	3204	2
83	DNA, RNA and nucleotide metabolism	RecJ-like ssDNA exonuclease	#ffdf59	667	1
84	DNA, RNA and nucleotide metabolism	RecT-like ssDNA annealing protein	#ffdf59	10536	8
85	DNA, RNA and nucleotide metabolism	RecX-like filament modulator	#ffdf59	149	1
86	DNA, RNA and nucleotide metabolism	Ref-like RecA filament endonuclease	#ffdf59	477	1
87	DNA, RNA and nucleotide metabolism	Reverse transcriptase	#ffdf59	849	1
88	DNA, RNA and nucleotide metabolism	Rnase E	#ffdf59	2763	1
89	DNA, RNA and nucleotide metabolism	Rnase H	#ffdf59	4312	6
90	DNA, RNA and nucleotide metabolism	RpbA RNA polymerase binding protein	#ffdf59	220	1
91	DNA, RNA and nucleotide metabolism	RusA-like Holliday junction resolvase	#ffdf59	30047	14
92	DNA, RNA and nucleotide metabolism	RuvC-like Holliday junction resolvase	#ffdf59	7517	2
93	DNA, RNA and nucleotide metabolism	Sak-like ssDNA annealing protein	#ffdf59	2475	2
94	DNA, RNA and nucleotide metabolism	Sak4-like ssDNA annealing protein	#ffdf59	8767	2
95	DNA, RNA and nucleotide metabolism	SbcC-like subunit of palindrome specific endonuclease	#ffdf59	13263	1
96	DNA, RNA and nucleotide metabolism	SbcD-like subunit of palindrome specific endonuclease	#ffdf59	11694	1
97	DNA, RNA and nucleotide metabolism	Sir2 (NAD-dependent deacetylase)	#ffdf59	1019	2
98	DNA, RNA and nucleotide metabolism	UmuD-like protein	#ffdf59	1777	3
99	DNA, RNA and nucleotide metabolism	UvsY-like recombination mediator	#ffdf59	7018	1
100	DNA, RNA and nucleotide metabolism	aerobic NDP reductase small subunit	#ffdf59	182	1
101	DNA, RNA and nucleotide metabolism	alkylated DNA repair	#ffdf59	58	1
102	DNA, RNA and nucleotide metabolism	anaerobic ribonucleoside reductase large subunit	#ffdf59	570	4
103	DNA, RNA and nucleotide metabolism	anaerobic ribonucleoside reductase small subunit	#ffdf59	55	1
104	DNA, RNA and nucleotide metabolism	anaerobic ribonucleotide reductase small subunit	#ffdf59	3048	1
105	DNA, RNA and nucleotide metabolism	anti-restriction nuclease	#ffdf59	443	1
106	DNA, RNA and nucleotide metabolism	clamp loader of DNA polymerase	#ffdf59	15426	8
107	DNA, RNA and nucleotide metabolism	dATP / dGTP pyrophosphohydrolase	#ffdf59	2444	1
108	DNA, RNA and nucleotide metabolism	dATP triphosphohydrolase	#ffdf59	208	1
109	DNA, RNA and nucleotide metabolism	dCMP deaminase	#ffdf59	8868	3
110	DNA, RNA and nucleotide metabolism	dCMP hydroxymethylase	#ffdf59	442	1
111	DNA, RNA and nucleotide metabolism	dCTP deaminase	#ffdf59	1175	1
112	DNA, RNA and nucleotide metabolism	dUTPase	#ffdf59	7983	3
113	DNA, RNA and nucleotide metabolism	deoxycytidinylate deaminase	#ffdf59	121	2
114	DNA, RNA and nucleotide metabolism	dihydrofolate reductase	#ffdf59	5496	3
115	DNA, RNA and nucleotide metabolism	dsDNA binding protein	#ffdf59	245	1
116	DNA, RNA and nucleotide metabolism	endonuclease	#ffdf59	26793	47
117	DNA, RNA and nucleotide metabolism	endonuclease V N-glycosylase UV repair enzyme	#ffdf59	1831	1
118	DNA, RNA and nucleotide metabolism	endonuclease VII	#ffdf59	13829	11
119	DNA, RNA and nucleotide metabolism	endoribonuclease	#ffdf59	1635	1
120	DNA, RNA and nucleotide metabolism	exonuclease	#ffdf59	59236	37
121	DNA, RNA and nucleotide metabolism	exonuclease V	#ffdf59	330	1
122	DNA, RNA and nucleotide metabolism	exonuclease VII	#ffdf59	1784	1
123	DNA, RNA and nucleotide metabolism	exonuclease VIII	#ffdf59	3394	1
124	DNA, RNA and nucleotide metabolism	exonuclease recombination-associated	#ffdf59	1888	1
125	DNA, RNA and nucleotide metabolism	genome terminal protein	#ffdf59	119	1
126	DNA, RNA and nucleotide metabolism	goF mRNA metabolism modulator	#ffdf59	945	4
127	DNA, RNA and nucleotide metabolism	gpCom control of modification	#ffdf59	74	1
128	DNA, RNA and nucleotide metabolism	helicase	#ffdf59	1496	12
129	DNA, RNA and nucleotide metabolism	helicase loader	#ffdf59	1089	2
130	DNA, RNA and nucleotide metabolism	helicase subunit of the DNA excision repair complex	#ffdf59	171	1
131	DNA, RNA and nucleotide metabolism	histidyl tRNA synthetase	#ffdf59	398	1
132	DNA, RNA and nucleotide metabolism	histone family DNA-binding	#ffdf59	463	2
133	DNA, RNA and nucleotide metabolism	homing endonuclease	#ffdf59	10325	13
134	DNA, RNA and nucleotide metabolism	homing endonuclease with GIY-YIG motif	#ffdf59	383	2
135	DNA, RNA and nucleotide metabolism	homing endonuclease with LAGLIDADG motif	#ffdf59	131	1
136	DNA, RNA and nucleotide metabolism	intron encoded nuclease	#ffdf59	219	1
137	DNA, RNA and nucleotide metabolism	intron-like DNA endonuclease	#ffdf59	119	1
138	DNA, RNA and nucleotide metabolism	nicking at origin of replication	#ffdf59	7929	1
139	DNA, RNA and nucleotide metabolism	nuclear shell protein	#ffdf59	389	1
140	DNA, RNA and nucleotide metabolism	nuclease	#ffdf59	2395	10
141	DNA, RNA and nucleotide metabolism	nucleoid associated protein	#ffdf59	330	1
142	DNA, RNA and nucleotide metabolism	nucleoside 2-deoxyribosyltransferase	#ffdf59	4922	2
143	DNA, RNA and nucleotide metabolism	nucleoside deoxyribosyltransferase	#ffdf59	240	2
144	DNA, RNA and nucleotide metabolism	nucleoside triphosphate pyrophosphohydrolase	#ffdf59	6279	1
145	DNA, RNA and nucleotide metabolism	nucleotidase	#ffdf59	173	1
146	DNA, RNA and nucleotide metabolism	nucleotide-sugar epimerase	#ffdf59	3356	1
147	DNA, RNA and nucleotide metabolism	nucleotidyltransferase	#ffdf59	6831	8
148	DNA, RNA and nucleotide metabolism	nucloid associated Lsr2-like	#ffdf59	1700	2
149	DNA, RNA and nucleotide metabolism	partition protein	#ffdf59	2576	3
150	DNA, RNA and nucleotide metabolism	plasmid stability	#ffdf59	3456	1
151	DNA, RNA and nucleotide metabolism	polarity suppression Psu-like by overcoming Rho	#ffdf59	308	2
152	DNA, RNA and nucleotide metabolism	polymerase	#ffdf59	1412	8
153	DNA, RNA and nucleotide metabolism	primase	#ffdf59	305	5
154	DNA, RNA and nucleotide metabolism	primosomal protein	#ffdf59	903	5
155	DNA, RNA and nucleotide metabolism	regulator of chromosome condensation	#ffdf59	670	3
156	DNA, RNA and nucleotide metabolism	replication	#ffdf59	313	2
157	DNA, RNA and nucleotide metabolism	replication helicase	#ffdf59	1361	1
158	DNA, RNA and nucleotide metabolism	replication initiation O-like	#ffdf59	11913	8
159	DNA, RNA and nucleotide metabolism	replication initiation by nicking	#ffdf59	155	1
160	DNA, RNA and nucleotide metabolism	replication initiation protein	#ffdf59	31471	48
161	DNA, RNA and nucleotide metabolism	replication origin binding	#ffdf59	542	1
162	DNA, RNA and nucleotide metabolism	replication protein	#ffdf59	2397	15
163	DNA, RNA and nucleotide metabolism	replication terminator	#ffdf59	1365	2
164	DNA, RNA and nucleotide metabolism	replicative helicase-primase	#ffdf59	610	1
165	DNA, RNA and nucleotide metabolism	replisome organizer	#ffdf59	543	4
166	DNA, RNA and nucleotide metabolism	replisome organizer DnaA-like	#ffdf59	170	1
167	DNA, RNA and nucleotide metabolism	restriction alleviation ral	#ffdf59	1210	1
168	DNA, RNA and nucleotide metabolism	restriction endonuclease	#ffdf59	1010	5
169	DNA, RNA and nucleotide metabolism	restriction endonuclease II	#ffdf59	164	4
170	DNA, RNA and nucleotide metabolism	restriction enzyme I	#ffdf59	41	1
171	DNA, RNA and nucleotide metabolism	restriction enzyme III	#ffdf59	30	1
172	DNA, RNA and nucleotide metabolism	ribonuclease	#ffdf59	628	1
173	DNA, RNA and nucleotide metabolism	ribonucleoside diphosphate reductase small subunit	#ffdf59	13634	3
174	DNA, RNA and nucleotide metabolism	ribonucleoside reductase class II	#ffdf59	4575	1
175	DNA, RNA and nucleotide metabolism	ribonucleoside-diphosphate reductase beta subunit	#ffdf59	206	1
176	DNA, RNA and nucleotide metabolism	ribonucleoside-diphosphate reductase large subunit	#ffdf59	13479	1
177	DNA, RNA and nucleotide metabolism	ribonucleotide reductase	#ffdf59	6089	11
178	DNA, RNA and nucleotide metabolism	ribonucleotide reductase NrdA-like	#ffdf59	39	1
179	DNA, RNA and nucleotide metabolism	ribonucleotide reductase alpha subunit	#ffdf59	401	1
180	DNA, RNA and nucleotide metabolism	ribonucleotide reductase class Ia beta subunit	#ffdf59	420	3
181	DNA, RNA and nucleotide metabolism	ribonucleotide reductase large subunit	#ffdf59	1006	3
182	DNA, RNA and nucleotide metabolism	rolling circle DNA replication initiation	#ffdf59	392	1
183	DNA, RNA and nucleotide metabolism	segregation and condensation complex subunit ScpB	#ffdf59	710	2
184	DNA, RNA and nucleotide metabolism	single strand DNA binding protein	#ffdf59	37911	31
185	DNA, RNA and nucleotide metabolism	single strand annealing protein	#ffdf59	1430	3
186	DNA, RNA and nucleotide metabolism	tRNA amidotransferase	#ffdf59	1428	1
187	DNA, RNA and nucleotide metabolism	tRNA nucleotidyltransferase	#ffdf59	966	2
188	DNA, RNA and nucleotide metabolism	tRNA splicing ligase	#ffdf59	1834	1
189	DNA, RNA and nucleotide metabolism	tRNA splicing ligase RtcB	#ffdf59	28	1
190	DNA, RNA and nucleotide metabolism	tRNA synthetase	#ffdf59	41	2
191	DNA, RNA and nucleotide metabolism	tRNA-His guanylyltransferase	#ffdf59	399	1
192	DNA, RNA and nucleotide metabolism	thioredoxin domain	#ffdf59	25968	6
193	DNA, RNA and nucleotide metabolism	thymidylate synthase	#ffdf59	23921	15
194	DNA, RNA and nucleotide metabolism	thymidylate synthase complementing protein	#ffdf59	164	1
195	DNA, RNA and nucleotide metabolism	tubulin PhuZ	#ffdf59	386	1
196	DNA, RNA and nucleotide metabolism	tyrosyl-tRNA synthetase	#ffdf59	111	1
197	DNA, RNA and nucleotide metabolism	uracil-DNA glycosylase	#ffdf59	26	1
198	DNA, RNA and nucleotide metabolism	valyl tRNA synthetase modifier	#ffdf59	1757	2
199	DNA, RNA and nucleotide metabolism	virion RNA polymerase	#ffdf59	895	1
200	connector	adaptor Ad4	#35d7ff	594	1
201	connector	appendage	#35d7ff	27	1
202	connector	head closure	#35d7ff	18729	6
203	connector	head closure Hc1	#35d7ff	39566	14
204	connector	head closure Hc2	#35d7ff	7503	4
205	connector	head closure Hc3	#35d7ff	2239	2
206	connector	head-tail adaptor	#35d7ff	52605	25
207	connector	head-tail adaptor Ad1	#35d7ff	46560	10
208	connector	head-tail adaptor Ad2	#35d7ff	7107	1
209	connector	head-tail adaptor Ad3	#35d7ff	1939	1
210	connector	head-tail connector protein	#35d7ff	13139	31
211	connector	head-tail joining	#35d7ff	233	1
212	connector	neck passage structure	#35d7ff	802	1
213	connector	neck passage structure protein	#35d7ff	187	1
214	connector	neck protein	#35d7ff	5207	9
215	connector	neck protein Ne1	#35d7ff	14	1
216	connector	pre-neck appendage protein	#35d7ff	394	2
217	connector	tail completion	#35d7ff	488	2
218	connector	tail completion or Neck1 protein	#35d7ff	78191	10
219	connector	tail terminator	#35d7ff	57696	15
220	connector	upper collar connector	#35d7ff	898	1
221	head and packaging	DNA packaging chaperone FI	#3e83f6	7555	1
222	head and packaging	Hoc-like head decoration	#3e83f6	3835	8
223	head and packaging	PmgB-like head morphogenesis	#3e83f6	596	1
224	head and packaging	PmgC-like head morphogenesis	#3e83f6	596	1
225	head and packaging	PmgG-like head morphogenesis	#3e83f6	1018	1
226	head and packaging	PmgS-like head morphogenesis	#3e83f6	666	1
227	head and packaging	assembly (protein IV of M13)	#3e83f6	1257	1
228	head and packaging	attachment protein	#3e83f6	148	1
229	head and packaging	coat protein	#3e83f6	32	3
230	head and packaging	endolysin	#3e83f6	3653	3
231	head and packaging	head assembly	#3e83f6	1899	2
232	head and packaging	head closure Hc1	#3e83f6	185	1
233	head and packaging	head decoration	#3e83f6	21440	12
234	head and packaging	head decoration protein	#3e83f6	450	1
235	head and packaging	head fiber protein	#3e83f6	1055	5
236	head and packaging	head maturation protease	#3e83f6	71919	54
237	head and packaging	head morphogenesis	#3e83f6	19286	22
238	head and packaging	head protein	#3e83f6	21922	43
239	head and packaging	head scaffolding protein	#3e83f6	53214	42
240	head and packaging	head vertex assembly chaperone	#3e83f6	2065	2
241	head and packaging	internal head protein	#3e83f6	3272	8
242	head and packaging	internal virion lysozyme motif	#3e83f6	976	1
243	head and packaging	internal virion protein	#3e83f6	16699	21
244	head and packaging	internal virion protein with endolysin domain	#3e83f6	4295	1
245	head and packaging	major capsid protein	#3e83f6	353	1
246	head and packaging	major coat protein	#3e83f6	941	2
247	head and packaging	major head and protease protein	#3e83f6	258	2
248	head and packaging	major head protein	#3e83f6	128716	65
249	head and packaging	major spike protein	#3e83f6	1389	2
250	head and packaging	minor coat protein	#3e83f6	1564	3
251	head and packaging	minor head protein	#3e83f6	31375	50
252	head and packaging	minor head protein Ace-like	#3e83f6	3246	1
253	head and packaging	minor head protein and DNA pilot	#3e83f6	4596	3
254	head and packaging	minor head protein inhibitor of protease	#3e83f6	2061	1
255	head and packaging	minor head protein; receptor binding	#3e83f6	742	1
256	head and packaging	morphogenesis (protein I of M13)	#3e83f6	790	1
257	head and packaging	portal protein	#3e83f6	128690	51
258	head and packaging	prohead	#3e83f6	2211	4
259	head and packaging	prohead protease inhibitor	#3e83f6	189	1
260	head and packaging	pyramid forming protein	#3e83f6	180	1
261	head and packaging	scaffolding protein	#3e83f6	408	1
262	head and packaging	spore coat protein	#3e83f6	149	1
263	head and packaging	structural protein	#3e83f6	10139	10
264	head and packaging	structural protein with Ig domain	#3e83f6	4749	1
265	head and packaging	tail tip protein Tal	#3e83f6	49	1
266	head and packaging	terminase	#3e83f6	3736	12
267	head and packaging	terminase large subunit	#3e83f6	130601	55
268	head and packaging	terminase small subunit	#3e83f6	94902	72
269	head and packaging	virion structural protein	#3e83f6	112857	411
270	integration and excision	Cox-like excisionase and repressor	#fea328	5556	2
271	integration and excision	DNA transposition protein	#fea328	3529	1
272	integration and excision	excisionase	#fea328	15234	28
273	integration and excision	excisionase and transcriptional regulator	#fea328	12317	6
274	integration and excision	integrase	#fea328	67851	21
275	integration and excision	recombination directionality factor	#fea328	886	4
276	integration and excision	site-specific recombination directionality factor RDF	#fea328	10942	4
277	integration and excision	transposase	#fea328	35926	43
278	lysis	RIIA lysis inhibitor	#f35f49	4300	6
279	lysis	RIIB lysis inhibitor	#f35f49	4570	5
280	lysis	Rz-like spanin	#f35f49	60858	56
281	lysis	amidase	#f35f49	5167	10
282	lysis	cysteine protease	#f35f49	98	1
283	lysis	endolysin	#f35f49	130652	116
284	lysis	endolysin; inhibits RNA polymerase	#f35f49	1330	3
285	lysis	endolysin; lysM motif	#f35f49	642	1
286	lysis	holin	#f35f49	88835	101
287	lysis	holin/anti-holin	#f35f49	6725	5
288	lysis	i-spanin	#f35f49	118	1
289	lysis	lysM motif protein	#f35f49	1225	2
290	lysis	lysis determining protein	#f35f49	587	1
291	lysis	lysis inhibition	#f35f49	1881	2
292	lysis	lysis inhibition; accessory protein	#f35f49	1511	2
293	lysis	lysozyme domain-containing protein	#f35f49	430	1
294	lysis	spanin	#f35f49	345	1
295	moron, auxiliary metabolic gene and host takeover	2OG-Fe(II) oxygenase	#ff59f5	30303	2
296	moron, auxiliary metabolic gene and host takeover	5'-3' deoxyribonucleotidase	#ff59f5	756	1
297	moron, auxiliary metabolic gene and host takeover	5-phosphoribosylformylglycinamide amidotransferase	#ff59f5	1630	1
298	moron, auxiliary metabolic gene and host takeover	ABC transporter	#ff59f5	4003	7
299	moron, auxiliary metabolic gene and host takeover	ABC transporter ATP-binding subunit	#ff59f5	1213	1
300	moron, auxiliary metabolic gene and host takeover	ADP-ribosyltransferase	#ff59f5	102	2
301	moron, auxiliary metabolic gene and host takeover	ADP-ribosyltransferase exoenzyme toxin	#ff59f5	434	1
302	moron, auxiliary metabolic gene and host takeover	Abi alpha-like abortive infection mechanism	#ff59f5	672	1
303	moron, auxiliary metabolic gene and host takeover	Alt-like RNA polymerase ADP-ribosyltransferase	#ff59f5	2841	4
304	moron, auxiliary metabolic gene and host takeover	BstA abortive infection system, replication inhibitor	#ff59f5	150	1
305	moron, auxiliary metabolic gene and host takeover	Bxa ADP-ribosyl transferase	#ff59f5	35	1
306	moron, auxiliary metabolic gene and host takeover	CTXphi Zot-like toxin	#ff59f5	1149	1
307	moron, auxiliary metabolic gene and host takeover	Cor superinfection exclusion protein	#ff59f5	1408	1
308	moron, auxiliary metabolic gene and host takeover	CpeT-like antenna protein	#ff59f5	3688	1
309	moron, auxiliary metabolic gene and host takeover	DarB-like antirestriction	#ff59f5	123	1
310	moron, auxiliary metabolic gene and host takeover	DdrA-like anti-restriction protein	#ff59f5	602	1
311	moron, auxiliary metabolic gene and host takeover	Doc-like toxin	#ff59f5	1828	1
312	moron, auxiliary metabolic gene and host takeover	FabG-like 3-oxoacyl-(acyl-carrier-protein) reductase	#ff59f5	426	1
313	moron, auxiliary metabolic gene and host takeover	FtsK/SpoIIIE-like protein	#ff59f5	2022	6
314	moron, auxiliary metabolic gene and host takeover	Galactose-3-O-sulfotransferase	#ff59f5	603	1
315	moron, auxiliary metabolic gene and host takeover	Gp5.5-like host HNS inhibition	#ff59f5	1400	1
316	moron, auxiliary metabolic gene and host takeover	Gp5.9-like inihibitor of recBCD nuclease	#ff59f5	163	1
317	moron, auxiliary metabolic gene and host takeover	GtrA-like O-antigen conversion	#ff59f5	632	1
318	moron, auxiliary metabolic gene and host takeover	GtrB glycosyltransferase for O-antigen conversion	#ff59f5	16	1
319	moron, auxiliary metabolic gene and host takeover	GtrB-like O-antigen conversion	#ff59f5	1528	2
320	moron, auxiliary metabolic gene and host takeover	GtrC-like O-antigen conversion translocase	#ff59f5	400	3
321	moron, auxiliary metabolic gene and host takeover	Hdf-like antirestriction	#ff59f5	671	1
322	moron, auxiliary metabolic gene and host takeover	HicB-like antitoxin	#ff59f5	297	2
323	moron, auxiliary metabolic gene and host takeover	Lar-like restriction alleviation protein	#ff59f5	3260	6
324	moron, auxiliary metabolic gene and host takeover	MIT family metal ion transporter	#ff59f5	146	1
325	moron, auxiliary metabolic gene and host takeover	MazF-like growth inhibitor	#ff59f5	927	4
326	moron, auxiliary metabolic gene and host takeover	MokW-like host killing	#ff59f5	3821	1
327	moron, auxiliary metabolic gene and host takeover	NifU-like Fe-S cluster assembly protein	#ff59f5	141	1
328	moron, auxiliary metabolic gene and host takeover	Nol-like carbamoyltransferase	#ff59f5	1362	2
329	moron, auxiliary metabolic gene and host takeover	NrdA-like aerobic NDP reductase large subunit	#ff59f5	520	1
330	moron, auxiliary metabolic gene and host takeover	NrdC-like thioredoxin	#ff59f5	152	1
331	moron, auxiliary metabolic gene and host takeover	NrdD-like anaerobic ribonucleotide reductase large subunit	#ff59f5	3778	1
332	moron, auxiliary metabolic gene and host takeover	O-antigen acetylase	#ff59f5	184	1
333	moron, auxiliary metabolic gene and host takeover	PAAR motif of membran proteins	#ff59f5	5689	1
334	moron, auxiliary metabolic gene and host takeover	PAGK virulence factor	#ff59f5	263	1
335	moron, auxiliary metabolic gene and host takeover	Phd-like antitoxin	#ff59f5	3888	1
336	moron, auxiliary metabolic gene and host takeover	PnuC-like nicotinamide mononucleotide transport	#ff59f5	1086	1
337	moron, auxiliary metabolic gene and host takeover	PufA cytochrome subunit	#ff59f5	168	1
338	moron, auxiliary metabolic gene and host takeover	PufB cytochrome subunit	#ff59f5	169	1
339	moron, auxiliary metabolic gene and host takeover	PufC cytochrome	#ff59f5	183	1
340	moron, auxiliary metabolic gene and host takeover	QueC-like queuosine biosynthesis	#ff59f5	1901	2
341	moron, auxiliary metabolic gene and host takeover	QueD-like  6-pyruvoyl-tetrahydropterin synthase	#ff59f5	792	1
342	moron, auxiliary metabolic gene and host takeover	QueE-like  radical SAM domain	#ff59f5	916	1
343	moron, auxiliary metabolic gene and host takeover	RelE-like toxin	#ff59f5	1224	2
344	moron, auxiliary metabolic gene and host takeover	Ren-like exclusion protein	#ff59f5	5424	2
345	moron, auxiliary metabolic gene and host takeover	RexA-like exclusion protein	#ff59f5	76	1
346	moron, auxiliary metabolic gene and host takeover	RexB-like exclusion protein	#ff59f5	60	1
347	moron, auxiliary metabolic gene and host takeover	RstB sensor of two protein system	#ff59f5	1286	1
348	moron, auxiliary metabolic gene and host takeover	Shiga toxin subunit A	#ff59f5	1488	2
349	moron, auxiliary metabolic gene and host takeover	Shiga toxin subunit B	#ff59f5	1496	1
350	moron, auxiliary metabolic gene and host takeover	SieB superinfection exclusion	#ff59f5	175	2
351	moron, auxiliary metabolic gene and host takeover	Srd anti-sigma factor	#ff59f5	1472	1
352	moron, auxiliary metabolic gene and host takeover	T3SS effector protein EspN	#ff59f5	152	1
353	moron, auxiliary metabolic gene and host takeover	T3SS secreted effector Ibe	#ff59f5	176	1
354	moron, auxiliary metabolic gene and host takeover	TciB-like inhibition of cell division or resistance to colicin	#ff59f5	872	1
355	moron, auxiliary metabolic gene and host takeover	Ulx-like anti-restriction	#ff59f5	675	1
356	moron, auxiliary metabolic gene and host takeover	Zot-like toxin	#ff59f5	4459	1
357	moron, auxiliary metabolic gene and host takeover	abc2 anti-RecBCD	#ff59f5	1896	1
358	moron, auxiliary metabolic gene and host takeover	abortive infection resistance protein	#ff59f5	606	1
359	moron, auxiliary metabolic gene and host takeover	activator of host PrrC lysyl-tRNA endonuclease	#ff59f5	248	1
360	moron, auxiliary metabolic gene and host takeover	acyl carrier protein	#ff59f5	748	2
361	moron, auxiliary metabolic gene and host takeover	acyl-CoA N-acyltransferase	#ff59f5	339	1
362	moron, auxiliary metabolic gene and host takeover	aerobic cobaltochelatase CobT subunit	#ff59f5	67	1
363	moron, auxiliary metabolic gene and host takeover	anti-restriction protein	#ff59f5	1345	6
364	moron, auxiliary metabolic gene and host takeover	anti-sigma factor	#ff59f5	3853	2
365	moron, auxiliary metabolic gene and host takeover	antimicrobial peptide resistance and lipid A acylation protein PagP	#ff59f5	552	1
366	moron, auxiliary metabolic gene and host takeover	antitoxin from a toxin-antitoxin system	#ff59f5	1894	7
367	moron, auxiliary metabolic gene and host takeover	antitoxin mazE-like	#ff59f5	962	1
368	moron, auxiliary metabolic gene and host takeover	antitoxin with HTH domain	#ff59f5	16	1
369	moron, auxiliary metabolic gene and host takeover	arabinose 5-phosphate isomerase	#ff59f5	318	1
370	moron, auxiliary metabolic gene and host takeover	beta-1,4-glycosyltransferase	#ff59f5	95	1
371	moron, auxiliary metabolic gene and host takeover	beta-glucosyltransferase	#ff59f5	193	1
372	moron, auxiliary metabolic gene and host takeover	beta-lactamase-inhibitor protein BLIP	#ff59f5	208	1
373	moron, auxiliary metabolic gene and host takeover	cation efflux protein	#ff59f5	128	1
374	moron, auxiliary metabolic gene and host takeover	cef modifier of supressor tRNAs	#ff59f5	1494	1
375	moron, auxiliary metabolic gene and host takeover	cell division inhibitor	#ff59f5	1473	2
376	moron, auxiliary metabolic gene and host takeover	chemotaxis inhibition protein	#ff59f5	183	1
377	moron, auxiliary metabolic gene and host takeover	chitinase	#ff59f5	64	1
378	moron, auxiliary metabolic gene and host takeover	cobalamin biosynthesis protein	#ff59f5	328	1
379	moron, auxiliary metabolic gene and host takeover	colanic acid degradation	#ff59f5	284	1
380	moron, auxiliary metabolic gene and host takeover	core encoded pilin	#ff59f5	1089	1
381	moron, auxiliary metabolic gene and host takeover	cyanobacterial phosphoribosylglycinamide formyltransferase	#ff59f5	120	1
382	moron, auxiliary metabolic gene and host takeover	cytolethal distending toxin A subunit	#ff59f5	105	1
383	moron, auxiliary metabolic gene and host takeover	cytolethal distending toxin B subunit	#ff59f5	182	1
384	moron, auxiliary metabolic gene and host takeover	cytolethal distending toxin C subunit	#ff59f5	153	1
385	moron, auxiliary metabolic gene and host takeover	dTDP-4-dehydrorhamnose 3,5-epimerase	#ff59f5	143	1
386	moron, auxiliary metabolic gene and host takeover	decoy of host sigma32	#ff59f5	839	1
387	moron, auxiliary metabolic gene and host takeover	decoy of host sigma70	#ff59f5	423	1
388	moron, auxiliary metabolic gene and host takeover	dimethyl sulfoxide reductase DmsA	#ff59f5	109	1
389	moron, auxiliary metabolic gene and host takeover	endonuclease nicking abasic sites generated by host uracil glycosylase Ung	#ff59f5	456	1
390	moron, auxiliary metabolic gene and host takeover	enoyl-CoA hydratase/carnithine racemase-like	#ff59f5	1363	1
391	moron, auxiliary metabolic gene and host takeover	enterotoxin CtxA	#ff59f5	654	1
392	moron, auxiliary metabolic gene and host takeover	enterotoxin CtxB	#ff59f5	598	1
393	moron, auxiliary metabolic gene and host takeover	enterotoxin type A / speL	#ff59f5	731	1
394	moron, auxiliary metabolic gene and host takeover	ferredoxin	#ff59f5	3363	5
395	moron, auxiliary metabolic gene and host takeover	ferredoxin oxidoreductase	#ff59f5	234	1
396	moron, auxiliary metabolic gene and host takeover	ferrochelatase	#ff59f5	1235	2
397	moron, auxiliary metabolic gene and host takeover	flagellar protein	#ff59f5	113	1
398	moron, auxiliary metabolic gene and host takeover	flavodoxin	#ff59f5	2219	1
399	moron, auxiliary metabolic gene and host takeover	galactosyl transferase	#ff59f5	1918	3
400	moron, auxiliary metabolic gene and host takeover	gam-like host nuclease inhibitor	#ff59f5	4923	2
401	moron, auxiliary metabolic gene and host takeover	gamma-glutamyl cyclotransferase	#ff59f5	672	1
402	moron, auxiliary metabolic gene and host takeover	glucosyltransferase	#ff59f5	3080	3
403	moron, auxiliary metabolic gene and host takeover	glutamine amidotransferase	#ff59f5	257	2
404	moron, auxiliary metabolic gene and host takeover	glutathionylspermidine synthase	#ff59f5	253	1
405	moron, auxiliary metabolic gene and host takeover	glycosyltransferase	#ff59f5	9226	34
406	moron, auxiliary metabolic gene and host takeover	host RecBCD nuclease inhibitor	#ff59f5	627	2
407	moron, auxiliary metabolic gene and host takeover	host nuclease inhibitor	#ff59f5	2694	3
408	moron, auxiliary metabolic gene and host takeover	host range and adsorption protein	#ff59f5	2768	7
409	moron, auxiliary metabolic gene and host takeover	immunity to superinfection	#ff59f5	1971	1
410	moron, auxiliary metabolic gene and host takeover	inhibitor of MrcBC restriction	#ff59f5	662	1
411	moron, auxiliary metabolic gene and host takeover	involved in bacteriocin production or immunity	#ff59f5	1672	2
412	moron, auxiliary metabolic gene and host takeover	levanase	#ff59f5	44	1
413	moron, auxiliary metabolic gene and host takeover	lipase	#ff59f5	224	1
414	moron, auxiliary metabolic gene and host takeover	membrane DNA delivery	#ff59f5	184	1
415	moron, auxiliary metabolic gene and host takeover	membrane associated protein	#ff59f5	3061	7
416	moron, auxiliary metabolic gene and host takeover	membrane protein	#ff59f5	27994	166
417	moron, auxiliary metabolic gene and host takeover	membrane-flanked domain	#ff59f5	529	1
418	moron, auxiliary metabolic gene and host takeover	mobile element MPME	#ff59f5	1084	1
419	moron, auxiliary metabolic gene and host takeover	nicotinamide-nucleotide adenylyltransferase	#ff59f5	557	1
420	moron, auxiliary metabolic gene and host takeover	ocr-like anti-restriction	#ff59f5	736	1
421	moron, auxiliary metabolic gene and host takeover	pectate lyase	#ff59f5	169	2
422	moron, auxiliary metabolic gene and host takeover	pectin lyase activity	#ff59f5	28	1
423	moron, auxiliary metabolic gene and host takeover	phosphate transporter subunit	#ff59f5	342	1
424	moron, auxiliary metabolic gene and host takeover	phospho-2-dehydro-3-deoxyheptonate aldolase	#ff59f5	299	1
425	moron, auxiliary metabolic gene and host takeover	phosphoadenosine phosphosulfate reductase	#ff59f5	3698	4
426	moron, auxiliary metabolic gene and host takeover	phosphoheptose isomerase	#ff59f5	1627	1
427	moron, auxiliary metabolic gene and host takeover	phosphoribosylaminoimidazole synthetase	#ff59f5	1735	1
428	moron, auxiliary metabolic gene and host takeover	phosphoribosylaminoimidazole-succinocarboxamide synthase	#ff59f5	1867	1
429	moron, auxiliary metabolic gene and host takeover	photosystem I psaA/psaB protein	#ff59f5	30	1
430	moron, auxiliary metabolic gene and host takeover	photosystem II D1	#ff59f5	8157	2
431	moron, auxiliary metabolic gene and host takeover	photosystem II D2	#ff59f5	85	1
432	moron, auxiliary metabolic gene and host takeover	pilin	#ff59f5	588	1
433	moron, auxiliary metabolic gene and host takeover	plasmid antitoxin with HTH domain	#ff59f5	998	2
434	moron, auxiliary metabolic gene and host takeover	plastoquinol terminal oxidase	#ff59f5	478	1
435	moron, auxiliary metabolic gene and host takeover	polysaccharide chain length determinant protein	#ff59f5	216	1
436	moron, auxiliary metabolic gene and host takeover	polysaccharide deacetylase	#ff59f5	79	2
437	moron, auxiliary metabolic gene and host takeover	porphyrin biosynthesis	#ff59f5	6012	1
438	moron, auxiliary metabolic gene and host takeover	quaternary ammonium compound-resistance protein QacE	#ff59f5	866	1
439	moron, auxiliary metabolic gene and host takeover	queuine tRNA-ribosyltransferase	#ff59f5	3559	4
440	moron, auxiliary metabolic gene and host takeover	quinone oxidoreductase TQO	#ff59f5	413	1
441	moron, auxiliary metabolic gene and host takeover	ribonuclease toxin of AT system	#ff59f5	267	1
442	moron, auxiliary metabolic gene and host takeover	ribosomal protein S21	#ff59f5	37	1
443	moron, auxiliary metabolic gene and host takeover	ribosomal protein S6 glutaminyl transferase	#ff59f5	723	1
444	moron, auxiliary metabolic gene and host takeover	ribosome associated inhibitor A; zinc finger domain	#ff59f5	1628	1
445	moron, auxiliary metabolic gene and host takeover	ribulose-1;5-bisphosphate carboxylase/oxygenase small subunit	#ff59f5	520	1
446	moron, auxiliary metabolic gene and host takeover	sporulation protein	#ff59f5	217	3
447	moron, auxiliary metabolic gene and host takeover	sporulation stage III protein D	#ff59f5	96	1
448	moron, auxiliary metabolic gene and host takeover	stringent starvation protein Sspb-like	#ff59f5	159	1
449	moron, auxiliary metabolic gene and host takeover	superinfection exclusion	#ff59f5	1338	3
450	moron, auxiliary metabolic gene and host takeover	superinfection exclusion Sie-like	#ff59f5	131	1
451	moron, auxiliary metabolic gene and host takeover	superinfection exclusion SieA-like	#ff59f5	158	1
452	moron, auxiliary metabolic gene and host takeover	superinfection exclusion; inhibits SieB	#ff59f5	971	1
453	moron, auxiliary metabolic gene and host takeover	superoxide dismutase precursor	#ff59f5	622	1
454	moron, auxiliary metabolic gene and host takeover	taurine catabolism dioxygenase	#ff59f5	41	1
455	moron, auxiliary metabolic gene and host takeover	tellurite resistance	#ff59f5	2092	3
456	moron, auxiliary metabolic gene and host takeover	toxin	#ff59f5	4767	14
457	moron, auxiliary metabolic gene and host takeover	toxin of TA system	#ff59f5	379	1
458	moron, auxiliary metabolic gene and host takeover	toxin-antitoxin system HicB-like	#ff59f5	2464	1
459	moron, auxiliary metabolic gene and host takeover	type I-E anti-CRISPR protein	#ff59f5	132	1
460	moron, auxiliary metabolic gene and host takeover	type I-F anti-CRISPR protein	#ff59f5	110	1
461	other	3'-phosphatase, 5'-polynucleotide kinase	#838383	243	1
462	other	6-phosphofructokinase	#838383	694	1
463	other	6-phosphogluconate dehydrogenase	#838383	521	1
464	other	ADP-ribosylglycohydrolase	#838383	181	1
465	other	ATP-dependent protease	#838383	2069	9
466	other	ATPase	#838383	4971	25
467	other	Bor-like outer membrane protein	#838383	3800	1
468	other	COOH.NH2 ligase	#838383	505	1
469	other	DHH phosphoesterase	#838383	406	2
470	other	DNA methyltransferase	#838383	71828	67
471	other	DNA transfer protein	#838383	2801	2
472	other	DksA-like zinc-finger protein	#838383	11161	1
473	other	Fe-S oxidoreductase	#838383	75	1
474	other	Fe-S-cluster redox domain-containing	#838383	44	1
475	other	GTP cyclohydrolase	#838383	1160	2
476	other	GTP-binding domain	#838383	5712	1
477	other	HAD-superfamily hydrolase	#838383	115	1
478	other	Hsp20 heat shock protein	#838383	4202	1
479	other	Hsp70 heat shock protein	#838383	86	1
480	other	Ig domain containing protein	#838383	2752	5
481	other	Kil protein for bacterial septation inhibition	#838383	6476	9
482	other	L-alanyl-D-glutamate peptidase	#838383	915	1
483	other	L-glutamine-D-fructose-6-phosphate aminotransferase	#838383	518	2
484	other	Lom outer membrane protein	#838383	6764	1
485	other	MazG-like pyrophosphatase	#838383	12632	11
486	other	Mom-like DNA modification protein	#838383	1110	1
487	other	MoxR-like ATPase	#838383	14	1
488	other	MutT/NUDIX hydrolase	#838383	1106	1
489	other	NAD synthetase	#838383	4256	3
490	other	NAD-independent protein deacetylase	#838383	14	1
491	other	Na/K ATPase	#838383	1654	1
492	other	NinI-like serine-threonine phosphatase	#838383	4699	1
493	other	O-acetyltransferase	#838383	407	1
494	other	PblB-type receptor binding	#838383	1271	1
495	other	PetE plastocyanine	#838383	3550	1
496	other	PhoH-like phosphate starvation-inducible	#838383	9005	3
497	other	RF-1 domain peptide chain release factor	#838383	722	2
498	other	RHH domain	#838383	13	1
499	other	RecA or Sak4, length ?	#838383	195	1
500	other	S-adenosylmethionine decarboxylase	#838383	726	3
501	other	SAM-dependent methyltransferase	#838383	1600	4
502	other	TreN-like membrane protein	#838383	592	1
503	other	UDP-glucose dehydrogenase	#838383	147	1
504	other	UvsX-like recombinase	#838383	12431	1
505	other	acetyl-CoA acetyltransferase	#838383	698	1
506	other	acetyltransferase	#838383	5013	15
507	other	alpha-2;3-sialyltransferase	#838383	276	1
508	other	alpha-glucosyltransferase	#838383	697	1
509	other	amidoligase enzyme	#838383	940	3
510	other	aminoacid permease	#838383	192	1
511	other	aminotransferase	#838383	1436	3
512	other	beta-glucosyl-HMC-alpha-glucosyltransferase	#838383	1807	1
513	other	beta-propeller repeat protein	#838383	153	1
514	other	bifunctional heptose 7-phosphate kinase/heptose 1-phosphate adenyltransferase	#838383	214	1
515	other	cAMP phosphodiesterase	#838383	2282	2
516	other	cAMP-dependent Kef-type K+ transporter	#838383	161	2
517	other	carboxypeptidase	#838383	878	2
518	other	chaperonin groEL	#838383	265	1
519	other	co-chaperonin GroES	#838383	642	2
520	other	cold shock protein	#838383	1504	1
521	other	complement inhibitor	#838383	279	1
522	other	cysteine dioxygenase	#838383	558	2
523	other	cysteine hydrolase	#838383	15	1
524	other	cytidyltransferase	#838383	7955	4
525	other	dGTPase inhibitor	#838383	230	1
526	other	dGTPase inhibitor; target for F exclusion	#838383	641	1
527	other	dehydrogenase	#838383	2228	7
528	other	deoxynucleoside monophosphate kinase	#838383	9362	2
529	other	deoxyribonucleoside 5' monophosphate phosphatase	#838383	3584	3
530	other	dual specificity phosphatase	#838383	165	2
531	other	end-filament protein	#838383	192	1
532	other	esterase	#838383	546	2
533	other	esterase/lipase	#838383	2582	8
534	other	exopolyphosphatase	#838383	1194	1
535	other	glycerophosphoryl diester phosphodiesterase	#838383	1410	5
536	other	glycoside hydrolase	#838383	518	2
537	other	guanylate kinase	#838383	1285	2
538	other	haemolysin-type calcium binding	#838383	30	1
539	other	hemagglutinin	#838383	174	1
540	other	hemolysin	#838383	3289	3
541	other	high light inducible protein	#838383	8333	3
542	other	hol-like chemotaxis	#838383	850	4
543	other	hyaluronidase	#838383	613	3
544	other	hydrolase	#838383	1999	18
545	other	immunity protein	#838383	487	1
546	other	inhibitor of host Lon protease	#838383	1140	2
547	other	kinase	#838383	2587	14
548	other	lectin	#838383	1099	1
549	other	lipoprotein	#838383	11545	19
550	other	lipoprotein precursor	#838383	175	1
551	other	lysophospholipase L1-like esterase	#838383	155	1
552	other	mazG nucleotide pyrophosphohydrolase	#838383	219	1
553	other	metal-dependent hydrolase	#838383	3389	1
554	other	metal-dependent phosphohydrolase	#838383	1989	3
555	other	metallo-endopeptidase	#838383	280	4
556	other	metallo-phosphoesterase	#838383	7996	4
557	other	metallo-protease	#838383	9011	1
558	other	methylamine utilization	#838383	4036	1
559	other	methyltransferase	#838383	3099	27
560	other	nicotinamide phosphoribosyl transferase	#838383	4361	4
561	other	nitroreductase	#838383	36	1
562	other	nucleoside triphosphate pyrophosphohydrolase	#838383	1412	3
563	other	nucleotide kinase	#838383	8691	8
564	other	nucleotide pyrophosphohydrolase	#838383	3180	3
565	other	nudix hydrolase	#838383	2162	4
566	other	outer membrane protein	#838383	3023	4
567	other	partition protein ATPase	#838383	1993	2
568	other	peptidase	#838383	7431	26
569	other	peptidase HslV family	#838383	1793	1
570	other	peptide deformylase	#838383	692	1
571	other	peptide methionine sulfoxide reductase	#838383	1001	1
572	other	periplasmic protein	#838383	899	1
573	other	peroxyredoxin antioxidant	#838383	932	1
574	other	phosphatase	#838383	5218	2
575	other	phosphatidylglycerophosphatase A	#838383	103	1
576	other	phosphodiesterase	#838383	226	4
577	other	phosphoesterase	#838383	3503	2
578	other	phosphofructokinase	#838383	5416	3
579	other	phosphohydrolase	#838383	308	5
580	other	phosphoribosyl transferase	#838383	1122	3
581	other	poly-gamma-glutamate hydrolase	#838383	399	1
582	other	polynucleotide kinase	#838383	8002	3
583	other	polynucleotide kinase/phosphorylase	#838383	365	1
584	other	protease	#838383	4479	15
585	other	protein kinase; inhibitor of host transcription; positively regulates RNaseIII; negatively on RNaseE	#838383	95	2
586	other	protein with Ig domain	#838383	576	1
587	other	pseudomurein endosiopeptidase	#838383	28	1
588	other	pyrophosphatase	#838383	955	3
589	other	radical SAM domain protein	#838383	104	1
590	other	radical SAM domain-containing protein	#838383	1621	10
591	other	recombinase	#838383	1982	10
592	other	released from the phage upon host infection	#838383	3233	4
593	other	rhodanese-related sulfurtransferase	#838383	1167	2
594	other	ribose-phosphate pyrophosphokinase	#838383	3121	1
595	other	secreted protein	#838383	4389	3
596	other	serine-threonine kinase	#838383	1336	3
597	other	sigma 54 modulation protein/ribosomal protein S30EA	#838383	111	1
598	other	signal peptide motif	#838383	267	1
599	other	spackle periplasmic	#838383	1307	1
600	other	spore protease	#838383	122	1
601	other	sulfatase-modifying factor enzyme	#838383	130	1
602	other	tRNA methyltransferase	#838383	325	2
603	other	tail associated cell-wall hydrolase	#838383	1836	1
604	other	tail injection transglycosylase	#838383	117	1
605	other	tail protease	#838383	459	1
606	other	tail protein with endopeptidase activity	#838383	395	1
607	other	tail protein with endopeptidase domain	#838383	3230	1
608	other	tail protein with peptidase activity	#838383	131	1
609	other	tetrahydrofolate dehydrogenase and cyclohydrolase	#838383	129	1
610	other	threonine dehydratase	#838383	206	1
611	other	thymidine kinase	#838383	3262	2
612	other	thymidylate kinase	#838383	4065	5
613	other	transaldolase	#838383	4157	1
614	other	transfer protein	#838383	204	1
615	other	transglycosylase	#838383	3074	18
616	other	translation elongation factor	#838383	144	1
617	other	translation initiation factor	#838383	127	1
618	other	translation repressor	#838383	6844	2
619	other	translational regulator	#838383	167	1
620	other	transmembrane protein	#838383	215	2
621	other	tryptophan halogenase	#838383	680	1
622	other	universal stress protein	#838383	138	1
623	other	virulence associated	#838383	4139	1
624	other	zinc carboxypeptidase	#838383	292	1
625	other	zinc containing alcohol dehydrogenase superfamily	#838383	372	1
626	other	zinc-finger domain protein	#838383	608	9
627	other	zinc-finger protease	#838383	218	1
628	tail	EPS depolymerase	#07e9a2	442	1
629	tail	Gpu-like tail protein	#07e9a2	50	1
630	tail	L-shaped tail fiber protein assembly	#07e9a2	687	2
631	tail	RNA ligase and tail fiber protein attachment catalyst	#07e9a2	3508	1
632	tail	Tail assembly chaperone	#07e9a2	3975	1
633	tail	adhesin	#07e9a2	71	1
634	tail	base plate tail tube protein	#07e9a2	506	1
635	tail	baseplate assembly protein	#07e9a2	919	3
636	tail	baseplate hub	#07e9a2	38665	12
637	tail	baseplate hub and tail lysozyme	#07e9a2	3111	3
638	tail	baseplate hub assembly catalyst	#07e9a2	2910	2
639	tail	baseplate hub distal subunit	#07e9a2	1900	1
640	tail	baseplate hub subunit and tail length	#07e9a2	1685	1
641	tail	baseplate hub subunit and tail lysozyme	#07e9a2	6114	6
642	tail	baseplate protein	#07e9a2	9429	30
643	tail	baseplate spike	#07e9a2	21767	1
644	tail	baseplate tail tube cap	#07e9a2	6525	1
645	tail	baseplate wedge initiator	#07e9a2	194	1
646	tail	baseplate wedge subunit	#07e9a2	99939	32
647	tail	baseplate wedge tail fiber protein connector	#07e9a2	4954	2
648	tail	capsid assembly protein	#07e9a2	111	1
649	tail	central tail fiber J	#07e9a2	13944	1
650	tail	collagen like minor tail	#07e9a2	1156	2
651	tail	collar tail protein for L-shaped tail fibre attachment	#07e9a2	30	1
652	tail	distal tail protein	#07e9a2	1294	1
653	tail	distal tail protein Dit	#07e9a2	20214	2
654	tail	fibritin neck whisker	#07e9a2	2206	2
655	tail	hinge connector of long tail fiber protein distal connector	#07e9a2	1601	2
656	tail	long tail fiber protein distal subunit	#07e9a2	1904	7
657	tail	long tail fiber protein proximal connector	#07e9a2	2077	3
658	tail	lower collar	#07e9a2	273	2
659	tail	lytic tail fiber protein	#07e9a2	144	3
660	tail	lytic tail protein	#07e9a2	750	1
661	tail	major tail protein	#07e9a2	66181	36
662	tail	major tail protein with Ig-like domain	#07e9a2	1808	1
663	tail	minor tail protein	#07e9a2	192896	145
664	tail	minor tail protein with lysin activity	#07e9a2	4386	1
665	tail	pentameric base spike protein	#07e9a2	136	1
666	tail	pilot protein for DNA ejection	#07e9a2	2138	12
667	tail	receptor binding tail protein	#07e9a2	1835	3
668	tail	short tail fiber protein	#07e9a2	1693	5
669	tail	straight fibre tail protein	#07e9a2	506	1
670	tail	tail appendage	#07e9a2	187	1
671	tail	tail assembly chaperone	#07e9a2	52378	96
672	tail	tail assembly protein	#07e9a2	30336	14
673	tail	tail associated lysin	#07e9a2	3359	2
674	tail	tail chaperone protein	#07e9a2	5486	1
675	tail	tail chaperonin	#07e9a2	458	1
676	tail	tail collar fiber protein	#07e9a2	6653	8
677	tail	tail collar protein	#07e9a2	1187	6
678	tail	tail fiber adhesin	#07e9a2	1255	2
679	tail	tail fiber assembly	#07e9a2	9964	7
680	tail	tail fiber assembly protein	#07e9a2	11546	6
681	tail	tail fiber chaperone	#07e9a2	2186	2
682	tail	tail fiber protein	#07e9a2	81646	276
683	tail	tail fiber protein and host specificity	#07e9a2	2459	1
684	tail	tail fiber protein proximal subunit	#07e9a2	2242	2
685	tail	tail fiber protein/ lysozyme	#07e9a2	138	2
686	tail	tail fiber protein; Ig-domain containing	#07e9a2	111	1
687	tail	tail fiber protein; host specificity	#07e9a2	1468	5
688	tail	tail length tape measure protein	#07e9a2	97783	161
689	tail	tail length tape measure protein chaperone	#07e9a2	27	1
690	tail	tail needle knob	#07e9a2	1375	1
691	tail	tail needle protein	#07e9a2	1128	1
692	tail	tail protein	#07e9a2	133190	237
693	tail	tail protein XkdN-like	#07e9a2	2733	1
694	tail	tail protein and host specificity	#07e9a2	926	3
695	tail	tail protein with lysin activity	#07e9a2	2945	4
696	tail	tail sheath	#07e9a2	39159	25
697	tail	tail sheath and receptor binding protein	#07e9a2	82	1
698	tail	tail sheath stabilizer	#07e9a2	6888	1
699	tail	tail spike protein	#07e9a2	5585	34
700	tail	tail spike protein with colonic acid degradation activity	#07e9a2	121	1
701	tail	tail tube	#07e9a2	20575	1
702	tail	tail tube protein	#07e9a2	9028	15
703	tail	tail tubular protein	#07e9a2	161	1
704	transcription regulation	Alt-like transcription activator	#a861e3	724	1
705	transcription regulation	Arc-like DNA binding domain	#a861e3	345	1
706	transcription regulation	Arc-like repressor	#a861e3	12729	13
707	transcription regulation	Arc-like transcriptional regulator	#a861e3	159	2
708	transcription regulation	CI-like repressor	#a861e3	312	3
709	transcription regulation	CII-like regulator	#a861e3	1869	3
710	transcription regulation	CII-like transcriptional activator	#a861e3	17455	5
711	transcription regulation	CIII anti-termination	#a861e3	2337	3
712	transcription regulation	CopG-like transcriptional repressor	#a861e3	209	1
713	transcription regulation	CsrA-like regulator	#a861e3	245	2
714	transcription regulation	FmdB-like transcriptional regulator	#a861e3	1792	1
715	transcription regulation	Lpa-like transcriptional activator	#a861e3	644	1
716	transcription regulation	MarR family transcrition regulator	#a861e3	742	1
717	transcription regulation	MerR-like transcriptional regulator	#a861e3	792	1
718	transcription regulation	MotA-like activator of middle period transcription	#a861e3	1613	1
719	transcription regulation	MotB-like transcriptional regulator	#a861e3	1481	2
720	transcription regulation	Mrh transcription modulator under heat shock	#a861e3	1697	1
721	transcription regulation	Nun-like transcription termination factor	#a861e3	198	1
722	transcription regulation	RNA polymerase sigma factor	#a861e3	8586	13
723	transcription regulation	Rha-like transcriptional regulator	#a861e3	2122	1
724	transcription regulation	RinB-like transcriptional activator	#a861e3	5833	2
725	transcription regulation	WhiB transcriptional factor	#a861e3	3748	1
726	transcription regulation	anti-repressor	#a861e3	11707	28
727	transcription regulation	anti-repressor Ant	#a861e3	29587	11
728	transcription regulation	anti-termination protein N-like	#a861e3	3867	1
729	transcription regulation	anti-termination protein Q-like	#a861e3	21150	8
730	transcription regulation	cro-like repressor	#a861e3	101	2
731	transcription regulation	inhibitor of host transcription	#a861e3	1830	3
732	transcription regulation	inhibitor of transcription initiation and antiterminator	#a861e3	42	1
733	transcription regulation	late promoter transcriptional regulator	#a861e3	6756	3
734	transcription regulation	late sigma transcription factor	#a861e3	6878	1
735	transcription regulation	late transcriptional activator	#a861e3	3844	3
736	transcription regulation	sigma factor	#a861e3	1308	4
737	transcription regulation	sigma factor for late transcription	#a861e3	115	1
738	transcription regulation	sigma-K factor	#a861e3	4692	1
739	transcription regulation	starvation-inducible transcriptional regulator	#a861e3	2391	1
740	transcription regulation	transcription antiterminator	#a861e3	217	3
741	transcription regulation	transcription factor	#a861e3	543	4
742	transcription regulation	transcriptional activator	#a861e3	7265	5
743	transcription regulation	transcriptional regulator	#a861e3	100181	127
744	transcription regulation	transcriptional regulator WhiB-like	#a861e3	2087	12
745	transcription regulation	transcriptional regulator, D5-like	#a861e3	3530	1
746	transcription regulation	transcriptional repressor	#a861e3	99495	57
747	unknown function	undefined	#c9c9c9	5263040	104077
748	unknown function	unknown function	#c9c9c9	44495	29
