	annot	category	color	lenOG	phrog
0	2-aminooxy adenylosuccinate synthetase	DNA	 RNA and nucleotide metabolism	#ffdf59	1496	1
1	2OG-Fe(II) oxygenase	moron	 auxiliary metabolic gene and host takeover	#ff59f5	30303	2
2	3'-5' exonuclease	DNA	 RNA and nucleotide metabolism	#ffdf59	73	2
3	3'-phosphatase	 5'-polynucleotide kinase	other	#838383	243	1
4	5'-3' deoxyribonucleotidase	moron	 auxiliary metabolic gene and host takeover	#ff59f5	756	1
5	5-phosphoribosylformylglycinamide amidotransferase	moron	 auxiliary metabolic gene and host takeover	#ff59f5	1630	1
6	6-phosphofructokinase	other	#838383	694	1
7	6-phosphogluconate dehydrogenase	other	#838383	521	1
8	ABC transporter	moron	 auxiliary metabolic gene and host takeover	#ff59f5	4003	7
9	ABC transporter ATP-binding subunit	moron	 auxiliary metabolic gene and host takeover	#ff59f5	1213	1
10	ADP-ribosylglycohydrolase	other	#838383	181	1
11	ADP-ribosyltransferase	moron	 auxiliary metabolic gene and host takeover	#ff59f5	102	2
12	ADP-ribosyltransferase exoenzyme toxin	moron	 auxiliary metabolic gene and host takeover	#ff59f5	434	1
13	ATP-dependent DNA ligase	DNA	 RNA and nucleotide metabolism	#ffdf59	10369	2
14	ATP-dependent protease	other	#838383	2069	9
15	ATPase	other	#838383	4971	25
16	Abi alpha-like abortive infection mechanism	moron	 auxiliary metabolic gene and host takeover	#ff59f5	672	1
17	Alt-like RNA polymerase ADP-ribosyltransferase	moron	 auxiliary metabolic gene and host takeover	#ff59f5	2841	4
18	Alt-like transcription activator	transcription regulation	#a861e3	724	1
19	Arc-like DNA binding domain	transcription regulation	#a861e3	345	1
20	Arc-like repressor	transcription regulation	#a861e3	12729	13
21	Arc-like transcriptional regulator	transcription regulation	#a861e3	159	2
22	Avd protein of DGR	DNA	 RNA and nucleotide metabolism	#ffdf59	386	1
23	Bet-like ssDNA annealing protein	DNA	 RNA and nucleotide metabolism	#ffdf59	3971	1
24	Bor-like outer membrane protein	other	#838383	3800	1
25	BstA abortive infection system	 replication inhibitor	moron	 auxiliary metabolic gene and host takeover	#ff59f5	150	1
26	Bxa ADP-ribosyl transferase	moron	 auxiliary metabolic gene and host takeover	#ff59f5	35	1
27	CI-like repressor	transcription regulation	#a861e3	312	3
28	CII-like regulator	transcription regulation	#a861e3	1869	3
29	CII-like transcriptional activator	transcription regulation	#a861e3	17455	5
30	CIII anti-termination	transcription regulation	#a861e3	2337	3
31	COOH.NH2 ligase	other	#838383	505	1
32	CRISPR/Cas system associated	DNA	 RNA and nucleotide metabolism	#ffdf59	1116	2
33	CTXphi Zot-like toxin	moron	 auxiliary metabolic gene and host takeover	#ff59f5	1149	1
34	Cas4-domain exonuclease	DNA	 RNA and nucleotide metabolism	#ffdf59	939	1
35	CopG-like transcriptional repressor	transcription regulation	#a861e3	209	1
36	Cor superinfection exclusion protein	moron	 auxiliary metabolic gene and host takeover	#ff59f5	1408	1
37	Cox-like excisionase and repressor	integration and excision	#fea328	5556	2
38	CpeT-like antenna protein	moron	 auxiliary metabolic gene and host takeover	#ff59f5	3688	1
39	CsrA-like regulator	transcription regulation	#a861e3	245	2
40	DHH phosphoesterase	other	#838383	406	2
41	DNA binding domain	DNA	 RNA and nucleotide metabolism	#ffdf59	1226	1
42	DNA binding protein	DNA	 RNA and nucleotide metabolism	#ffdf59	32909	82
43	DNA circularization	DNA	 RNA and nucleotide metabolism	#ffdf59	46	1
44	DNA condensation	DNA	 RNA and nucleotide metabolism	#ffdf59	1229	2
45	DNA ejection	DNA	 RNA and nucleotide metabolism	#ffdf59	2090	2
46	DNA ejection protein	DNA	 RNA and nucleotide metabolism	#ffdf59	430	2
47	DNA end protector	DNA	 RNA and nucleotide metabolism	#ffdf59	4140	1
48	DNA endonuclease	DNA	 RNA and nucleotide metabolism	#ffdf59	909	1
49	DNA endonuclease V	DNA	 RNA and nucleotide metabolism	#ffdf59	6101	2
50	DNA helicase	DNA	 RNA and nucleotide metabolism	#ffdf59	50418	26
51	DNA helicase loader	DNA	 RNA and nucleotide metabolism	#ffdf59	6138	1
52	DNA invertase	DNA	 RNA and nucleotide metabolism	#ffdf59	6327	3
53	DNA ligase	DNA	 RNA and nucleotide metabolism	#ffdf59	1570	12
54	DNA methylase	DNA	 RNA and nucleotide metabolism	#ffdf59	167	1
55	DNA methyltransferase	other	#838383	71828	67
56	DNA packaging chaperone FI	head and packaging	#3e83f6	7555	1
57	DNA polymerase	DNA	 RNA and nucleotide metabolism	#ffdf59	47104	56
58	DNA polymerase I	DNA	 RNA and nucleotide metabolism	#ffdf59	154	2
59	DNA polymerase III theta subunit	DNA	 RNA and nucleotide metabolism	#ffdf59	1130	4
60	DNA polymerase exonuclease subunit	DNA	 RNA and nucleotide metabolism	#ffdf59	10329	3
61	DNA polymerase processivity factor	DNA	 RNA and nucleotide metabolism	#ffdf59	9074	3
62	DNA polymerase/primase	DNA	 RNA and nucleotide metabolism	#ffdf59	6310	12
63	DNA primase	DNA	 RNA and nucleotide metabolism	#ffdf59	40850	44
64	DNA primase/helicase	DNA	 RNA and nucleotide metabolism	#ffdf59	6389	5
65	DNA repair exonuclease	DNA	 RNA and nucleotide metabolism	#ffdf59	2673	3
66	DNA repair photolyase	DNA	 RNA and nucleotide metabolism	#ffdf59	160	1
67	DNA repair protein	DNA	 RNA and nucleotide metabolism	#ffdf59	782	6
68	DNA replication initiation	DNA	 RNA and nucleotide metabolism	#ffdf59	2419	2
69	DNA sliding clamp inhibitor; arrest of S.aureus DNA synthesis	DNA	 RNA and nucleotide metabolism	#ffdf59	549	1
70	DNA terminal protein	DNA	 RNA and nucleotide metabolism	#ffdf59	243	1
71	DNA topoisomerase	DNA	 RNA and nucleotide metabolism	#ffdf59	468	4
72	DNA topoisomerase II	DNA	 RNA and nucleotide metabolism	#ffdf59	3859	5
73	DNA topoisomerase II large subunit	DNA	 RNA and nucleotide metabolism	#ffdf59	3373	1
74	DNA transfer protein	other	#838383	2801	2
75	DNA transposition protein	integration and excision	#fea328	3529	1
76	DarB-like antirestriction	moron	 auxiliary metabolic gene and host takeover	#ff59f5	123	1
77	Dda-like helicase	DNA	 RNA and nucleotide metabolism	#ffdf59	5198	1
78	DdrA-like anti-restriction protein	moron	 auxiliary metabolic gene and host takeover	#ff59f5	602	1
79	DenB-like DNA endonuclease IV	DNA	 RNA and nucleotide metabolism	#ffdf59	1579	1
80	DksA-like zinc-finger protein	other	#838383	11161	1
81	Dmd discriminator of mRNA degradation	DNA	 RNA and nucleotide metabolism	#ffdf59	1011	1
82	DnaA-like replication initiation protein	DNA	 RNA and nucleotide metabolism	#ffdf59	447	3
83	DnaB-like replicative helicase	DNA	 RNA and nucleotide metabolism	#ffdf59	30580	4
84	DnaC-like helicase loader	DNA	 RNA and nucleotide metabolism	#ffdf59	12371	3
85	DnaD-like helicase loader	DNA	 RNA and nucleotide metabolism	#ffdf59	7638	11
86	Doc-like toxin	moron	 auxiliary metabolic gene and host takeover	#ff59f5	1828	1
87	DprA-like DNA recombination-mediator protein	DNA	 RNA and nucleotide metabolism	#ffdf59	2678	2
88	EPS depolymerase	tail	#07e9a2	442	1
89	ERCC4-type nuclease	DNA	 RNA and nucleotide metabolism	#ffdf59	405	1
90	Erf recombination cofactor Arf	DNA	 RNA and nucleotide metabolism	#ffdf59	491	1
91	Erf-like ssDNA annealing protein	DNA	 RNA and nucleotide metabolism	#ffdf59	8884	6
92	FabG-like 3-oxoacyl-(acyl-carrier-protein) reductase	moron	 auxiliary metabolic gene and host takeover	#ff59f5	426	1
93	Fe-S oxidoreductase	other	#838383	75	1
94	Fe-S-cluster redox domain-containing	other	#838383	44	1
95	FmdB-like transcriptional regulator	transcription regulation	#a861e3	1792	1
96	FtsK/SpoIIIE-like protein	moron	 auxiliary metabolic gene and host takeover	#ff59f5	2022	6
97	GP16.7-like replication protein	DNA	 RNA and nucleotide metabolism	#ffdf59	238	1
98	GTP cyclohydrolase	other	#838383	1160	2
99	GTP-binding domain	other	#838383	5712	1
100	Galactose-3-O-sulfotransferase	moron	 auxiliary metabolic gene and host takeover	#ff59f5	603	1
101	Gp2.5-like ssDNA binding protein and ssDNA annealing protein	DNA	 RNA and nucleotide metabolism	#ffdf59	8035	2
102	Gp5.5-like host HNS inhibition	moron	 auxiliary metabolic gene and host takeover	#ff59f5	1400	1
103	Gp5.9-like inihibitor of recBCD nuclease	moron	 auxiliary metabolic gene and host takeover	#ff59f5	163	1
104	Gpu-like tail protein	tail	#07e9a2	50	1
105	GtrA-like O-antigen conversion	moron	 auxiliary metabolic gene and host takeover	#ff59f5	632	1
106	GtrB glycosyltransferase for O-antigen conversion	moron	 auxiliary metabolic gene and host takeover	#ff59f5	16	1
107	GtrB-like O-antigen conversion	moron	 auxiliary metabolic gene and host takeover	#ff59f5	1528	2
108	GtrC-like O-antigen conversion translocase	moron	 auxiliary metabolic gene and host takeover	#ff59f5	400	3
109	HAD-superfamily hydrolase	other	#838383	115	1
110	HNH endonuclease	DNA	 RNA and nucleotide metabolism	#ffdf59	110854	125
111	HTH DNA binding domain protein	DNA	 RNA and nucleotide metabolism	#ffdf59	377	1
112	HTH DNA binding protein	DNA	 RNA and nucleotide metabolism	#ffdf59	23732	56
113	Hdf-like antirestriction	moron	 auxiliary metabolic gene and host takeover	#ff59f5	671	1
114	HicB-like antitoxin	moron	 auxiliary metabolic gene and host takeover	#ff59f5	297	2
115	Hoc-like head decoration	head and packaging	#3e83f6	3835	8
116	Holliday junction branch migration helicase	DNA	 RNA and nucleotide metabolism	#ffdf59	176	1
117	Holliday junction resolvase	DNA	 RNA and nucleotide metabolism	#ffdf59	11437	13
118	Hsp20 heat shock protein	other	#838383	4202	1
119	Hsp70 heat shock protein	other	#838383	86	1
120	Ig domain containing protein	other	#838383	2752	5
121	Kil protein for bacterial septation inhibition	other	#838383	6476	9
122	Ku-like DNA end binding	DNA	 RNA and nucleotide metabolism	#ffdf59	375	1
123	L-alanyl-D-glutamate peptidase	other	#838383	915	1
124	L-glutamine-D-fructose-6-phosphate aminotransferase	other	#838383	518	2
125	L-shaped tail fiber protein assembly	tail	#07e9a2	687	2
126	Lar-like restriction alleviation protein	moron	 auxiliary metabolic gene and host takeover	#ff59f5	3260	6
127	Lom outer membrane protein	other	#838383	6764	1
128	Lpa-like transcriptional activator	transcription regulation	#a861e3	644	1
129	Lsr2-like DNA bridging protein	DNA	 RNA and nucleotide metabolism	#ffdf59	643	3
130	MIT family metal ion transporter	moron	 auxiliary metabolic gene and host takeover	#ff59f5	146	1
131	MarR family transcrition regulator	transcription regulation	#a861e3	742	1
132	MazF-like growth inhibitor	moron	 auxiliary metabolic gene and host takeover	#ff59f5	927	4
133	MazG-like pyrophosphatase	other	#838383	12632	11
134	MerR-like transcriptional regulator	transcription regulation	#a861e3	792	1
135	MokW-like host killing	moron	 auxiliary metabolic gene and host takeover	#ff59f5	3821	1
136	Mom-like DNA modification protein	other	#838383	1110	1
137	MotA-like activator of middle period transcription	transcription regulation	#a861e3	1613	1
138	MotB-like transcriptional regulator	transcription regulation	#a861e3	1481	2
139	MoxR-like ATPase	other	#838383	14	1
140	Mrh transcription modulator under heat shock	transcription regulation	#a861e3	1697	1
141	Mu Gam-like end protection	DNA	 RNA and nucleotide metabolism	#ffdf59	7858	5
142	MutT/NUDIX hydrolase	other	#838383	1106	1
143	N4-like RNA polymerase	DNA	 RNA and nucleotide metabolism	#ffdf59	929	1
144	NAD synthetase	other	#838383	4256	3
145	NAD-dependent DNA ligase	DNA	 RNA and nucleotide metabolism	#ffdf59	1649	3
146	NAD-independent protein deacetylase	other	#838383	14	1
147	Na/K ATPase	other	#838383	1654	1
148	Ndd-like nucleoid disruption protein	DNA	 RNA and nucleotide metabolism	#ffdf59	1971	1
149	NifU-like Fe-S cluster assembly protein	moron	 auxiliary metabolic gene and host takeover	#ff59f5	141	1
150	NinB/ Orf homologous recombination mediator	DNA	 RNA and nucleotide metabolism	#ffdf59	12553	3
151	NinG/ Rap DNA junction specific endonuclease	DNA	 RNA and nucleotide metabolism	#ffdf59	5375	2
152	NinI-like serine-threonine phosphatase	other	#838383	4699	1
153	Nol-like carbamoyltransferase	moron	 auxiliary metabolic gene and host takeover	#ff59f5	1362	2
154	NrdA-like aerobic NDP reductase large subunit	moron	 auxiliary metabolic gene and host takeover	#ff59f5	520	1
155	NrdC-like thioredoxin	moron	 auxiliary metabolic gene and host takeover	#ff59f5	152	1
156	NrdD-like anaerobic ribonucleotide reductase large subunit	moron	 auxiliary metabolic gene and host takeover	#ff59f5	3778	1
157	Nun-like transcription termination factor	transcription regulation	#a861e3	198	1
158	O-acetyltransferase	other	#838383	407	1
159	O-antigen acetylase	moron	 auxiliary metabolic gene and host takeover	#ff59f5	184	1
160	P-like helicase loader	DNA	 RNA and nucleotide metabolism	#ffdf59	6834	1
161	PAAR motif of membran proteins	moron	 auxiliary metabolic gene and host takeover	#ff59f5	5689	1
162	PAGK virulence factor	moron	 auxiliary metabolic gene and host takeover	#ff59f5	263	1
163	Panton-Valentine leukocicin	DNA	 RNA and nucleotide metabolism	#ffdf59	6159	2
164	ParA-like partition protein	DNA	 RNA and nucleotide metabolism	#ffdf59	5123	1
165	ParB C-terminal domain	DNA	 RNA and nucleotide metabolism	#ffdf59	807	1
166	ParB-like partition nuclease	DNA	 RNA and nucleotide metabolism	#ffdf59	354	7
167	ParB-like partition protein	DNA	 RNA and nucleotide metabolism	#ffdf59	9430	17
168	PblB-type receptor binding	other	#838383	1271	1
169	PetE plastocyanine	other	#838383	3550	1
170	Phd-like antitoxin	moron	 auxiliary metabolic gene and host takeover	#ff59f5	3888	1
171	PhoH-like phosphate starvation-inducible	other	#838383	9005	3
172	PmgB-like head morphogenesis	head and packaging	#3e83f6	596	1
173	PmgC-like head morphogenesis	head and packaging	#3e83f6	596	1
174	PmgG-like head morphogenesis	head and packaging	#3e83f6	1018	1
175	PmgS-like head morphogenesis	head and packaging	#3e83f6	666	1
176	PnuC-like nicotinamide mononucleotide transport	moron	 auxiliary metabolic gene and host takeover	#ff59f5	1086	1
177	PufA cytochrome subunit	moron	 auxiliary metabolic gene and host takeover	#ff59f5	168	1
178	PufB cytochrome subunit	moron	 auxiliary metabolic gene and host takeover	#ff59f5	169	1
179	PufC cytochrome	moron	 auxiliary metabolic gene and host takeover	#ff59f5	183	1
180	QueC-like queuosine biosynthesis	moron	 auxiliary metabolic gene and host takeover	#ff59f5	1901	2
181	QueD-like  6-pyruvoyl-tetrahydropterin synthase	moron	 auxiliary metabolic gene and host takeover	#ff59f5	792	1
182	QueE-like  radical SAM domain	moron	 auxiliary metabolic gene and host takeover	#ff59f5	916	1
183	RF-1 domain peptide chain release factor	other	#838383	722	2
184	RHH domain	other	#838383	13	1
185	RIIA lysis inhibitor	lysis	#f35f49	4300	6
186	RIIB lysis inhibitor	lysis	#f35f49	4570	5
187	RNA 2'-phosphotransferase	DNA	 RNA and nucleotide metabolism	#ffdf59	268	1
188	RNA ligase	DNA	 RNA and nucleotide metabolism	#ffdf59	9710	12
189	RNA ligase and tail fiber protein attachment catalyst	tail	#07e9a2	3508	1
190	RNA polymerase	DNA	 RNA and nucleotide metabolism	#ffdf59	5561	11
191	RNA polymerase ADP-ribosylase	DNA	 RNA and nucleotide metabolism	#ffdf59	2426	1
192	RNA polymerase beta subunit	DNA	 RNA and nucleotide metabolism	#ffdf59	7091	12
193	RNA polymerase binding	DNA	 RNA and nucleotide metabolism	#ffdf59	1611	1
194	RNA polymerase inhibitor	DNA	 RNA and nucleotide metabolism	#ffdf59	1536	1
195	RNA polymerase sigma factor	transcription regulation	#a861e3	8586	13
196	RNA replicase beta subunit	DNA	 RNA and nucleotide metabolism	#ffdf59	394	1
197	RNA-binding protein	DNA	 RNA and nucleotide metabolism	#ffdf59	3940	3
198	RNA-dependent RNA polymerase	DNA	 RNA and nucleotide metabolism	#ffdf59	404	1
199	RNAse	DNA	 RNA and nucleotide metabolism	#ffdf59	15	1
200	RecA filament binding protein DinI	DNA	 RNA and nucleotide metabolism	#ffdf59	4558	1
201	RecA or Sak4	 length ?	other	#838383	195	1
202	RecE-like recombination exonuclease	DNA	 RNA and nucleotide metabolism	#ffdf59	3204	2
203	RecJ-like ssDNA exonuclease	DNA	 RNA and nucleotide metabolism	#ffdf59	667	1
204	RecT-like ssDNA annealing protein	DNA	 RNA and nucleotide metabolism	#ffdf59	10536	8
205	RecX-like filament modulator	DNA	 RNA and nucleotide metabolism	#ffdf59	149	1
206	Ref-like RecA filament endonuclease	DNA	 RNA and nucleotide metabolism	#ffdf59	477	1
207	RelE-like toxin	moron	 auxiliary metabolic gene and host takeover	#ff59f5	1224	2
208	Ren-like exclusion protein	moron	 auxiliary metabolic gene and host takeover	#ff59f5	5424	2
209	Reverse transcriptase	DNA	 RNA and nucleotide metabolism	#ffdf59	849	1
210	RexA-like exclusion protein	moron	 auxiliary metabolic gene and host takeover	#ff59f5	76	1
211	RexB-like exclusion protein	moron	 auxiliary metabolic gene and host takeover	#ff59f5	60	1
212	Rha-like transcriptional regulator	transcription regulation	#a861e3	2122	1
213	RinB-like transcriptional activator	transcription regulation	#a861e3	5833	2
214	Rnase E	DNA	 RNA and nucleotide metabolism	#ffdf59	2763	1
215	Rnase H	DNA	 RNA and nucleotide metabolism	#ffdf59	4312	6
216	RpbA RNA polymerase binding protein	DNA	 RNA and nucleotide metabolism	#ffdf59	220	1
217	RstB sensor of two protein system	moron	 auxiliary metabolic gene and host takeover	#ff59f5	1286	1
218	RusA-like Holliday junction resolvase	DNA	 RNA and nucleotide metabolism	#ffdf59	30047	14
219	RuvC-like Holliday junction resolvase	DNA	 RNA and nucleotide metabolism	#ffdf59	7517	2
220	Rz-like spanin	lysis	#f35f49	60858	56
221	S-adenosylmethionine decarboxylase	other	#838383	726	3
222	SAM-dependent methyltransferase	other	#838383	1600	4
223	Sak-like ssDNA annealing protein	DNA	 RNA and nucleotide metabolism	#ffdf59	2475	2
224	Sak4-like ssDNA annealing protein	DNA	 RNA and nucleotide metabolism	#ffdf59	8767	2
225	SbcC-like subunit of palindrome specific endonuclease	DNA	 RNA and nucleotide metabolism	#ffdf59	13263	1
226	SbcD-like subunit of palindrome specific endonuclease	DNA	 RNA and nucleotide metabolism	#ffdf59	11694	1
227	Shiga toxin subunit A	moron	 auxiliary metabolic gene and host takeover	#ff59f5	1488	2
228	Shiga toxin subunit B	moron	 auxiliary metabolic gene and host takeover	#ff59f5	1496	1
229	SieB superinfection exclusion	moron	 auxiliary metabolic gene and host takeover	#ff59f5	175	2
230	Sir2 (NAD-dependent deacetylase)	DNA	 RNA and nucleotide metabolism	#ffdf59	1019	2
231	Srd anti-sigma factor	moron	 auxiliary metabolic gene and host takeover	#ff59f5	1472	1
232	T3SS effector protein EspN	moron	 auxiliary metabolic gene and host takeover	#ff59f5	152	1
233	T3SS secreted effector Ibe	moron	 auxiliary metabolic gene and host takeover	#ff59f5	176	1
234	Tail assembly chaperone	tail	#07e9a2	3975	1
235	TciB-like inhibition of cell division or resistance to colicin	moron	 auxiliary metabolic gene and host takeover	#ff59f5	872	1
236	TreN-like membrane protein	other	#838383	592	1
237	UDP-glucose dehydrogenase	other	#838383	147	1
238	Ulx-like anti-restriction	moron	 auxiliary metabolic gene and host takeover	#ff59f5	675	1
239	UmuD-like protein	DNA	 RNA and nucleotide metabolism	#ffdf59	1777	3
240	UvsX-like recombinase	other	#838383	12431	1
241	UvsY-like recombination mediator	DNA	 RNA and nucleotide metabolism	#ffdf59	7018	1
242	WhiB transcriptional factor	transcription regulation	#a861e3	3748	1
243	Zot-like toxin	moron	 auxiliary metabolic gene and host takeover	#ff59f5	4459	1
244	abc2 anti-RecBCD	moron	 auxiliary metabolic gene and host takeover	#ff59f5	1896	1
245	abortive infection resistance protein	moron	 auxiliary metabolic gene and host takeover	#ff59f5	606	1
246	acetyl-CoA acetyltransferase	other	#838383	698	1
247	acetyltransferase	other	#838383	5013	15
248	activator of host PrrC lysyl-tRNA endonuclease	moron	 auxiliary metabolic gene and host takeover	#ff59f5	248	1
249	acyl carrier protein	moron	 auxiliary metabolic gene and host takeover	#ff59f5	748	2
250	acyl-CoA N-acyltransferase	moron	 auxiliary metabolic gene and host takeover	#ff59f5	339	1
251	adaptor Ad4	connector	#35d7ff	594	1
252	adhesin	tail	#07e9a2	71	1
253	aerobic NDP reductase small subunit	DNA	 RNA and nucleotide metabolism	#ffdf59	182	1
254	aerobic cobaltochelatase CobT subunit	moron	 auxiliary metabolic gene and host takeover	#ff59f5	67	1
255	alkylated DNA repair	DNA	 RNA and nucleotide metabolism	#ffdf59	58	1
256	alpha-2;3-sialyltransferase	other	#838383	276	1
257	alpha-glucosyltransferase	other	#838383	697	1
258	amidase	lysis	#f35f49	5167	10
259	amidoligase enzyme	other	#838383	940	3
260	aminoacid permease	other	#838383	192	1
261	aminotransferase	other	#838383	1436	3
262	anaerobic ribonucleoside reductase large subunit	DNA	 RNA and nucleotide metabolism	#ffdf59	570	4
263	anaerobic ribonucleoside reductase small subunit	DNA	 RNA and nucleotide metabolism	#ffdf59	55	1
264	anaerobic ribonucleotide reductase small subunit	DNA	 RNA and nucleotide metabolism	#ffdf59	3048	1
265	anti-repressor	transcription regulation	#a861e3	11707	28
266	anti-repressor Ant	transcription regulation	#a861e3	29587	11
267	anti-restriction nuclease	DNA	 RNA and nucleotide metabolism	#ffdf59	443	1
268	anti-restriction protein	moron	 auxiliary metabolic gene and host takeover	#ff59f5	1345	6
269	anti-sigma factor	moron	 auxiliary metabolic gene and host takeover	#ff59f5	3853	2
270	anti-termination protein N-like	transcription regulation	#a861e3	3867	1
271	anti-termination protein Q-like	transcription regulation	#a861e3	21150	8
272	antimicrobial peptide resistance and lipid A acylation protein PagP	moron	 auxiliary metabolic gene and host takeover	#ff59f5	552	1
273	antitoxin from a toxin-antitoxin system	moron	 auxiliary metabolic gene and host takeover	#ff59f5	1894	7
274	antitoxin mazE-like	moron	 auxiliary metabolic gene and host takeover	#ff59f5	962	1
275	antitoxin with HTH domain	moron	 auxiliary metabolic gene and host takeover	#ff59f5	16	1
276	appendage	connector	#35d7ff	27	1
277	arabinose 5-phosphate isomerase	moron	 auxiliary metabolic gene and host takeover	#ff59f5	318	1
278	assembly (protein IV of M13)	head and packaging	#3e83f6	1257	1
279	attachment protein	head and packaging	#3e83f6	148	1
280	base plate tail tube protein	tail	#07e9a2	506	1
281	baseplate assembly protein	tail	#07e9a2	919	3
282	baseplate hub	tail	#07e9a2	38665	12
283	baseplate hub and tail lysozyme	tail	#07e9a2	3111	3
284	baseplate hub assembly catalyst	tail	#07e9a2	2910	2
285	baseplate hub distal subunit	tail	#07e9a2	1900	1
286	baseplate hub subunit and tail length	tail	#07e9a2	1685	1
287	baseplate hub subunit and tail lysozyme	tail	#07e9a2	6114	6
288	baseplate protein	tail	#07e9a2	9429	30
289	baseplate spike	tail	#07e9a2	21767	1
290	baseplate tail tube cap	tail	#07e9a2	6525	1
291	baseplate wedge initiator	tail	#07e9a2	194	1
292	baseplate wedge subunit	tail	#07e9a2	99939	32
293	baseplate wedge tail fiber protein connector	tail	#07e9a2	4954	2
294	beta-1	4-glycosyltransferase	moron	 auxiliary metabolic gene and host takeover	#ff59f5	95	1
295	beta-glucosyl-HMC-alpha-glucosyltransferase	other	#838383	1807	1
296	beta-glucosyltransferase	moron	 auxiliary metabolic gene and host takeover	#ff59f5	193	1
297	beta-lactamase-inhibitor protein BLIP	moron	 auxiliary metabolic gene and host takeover	#ff59f5	208	1
298	beta-propeller repeat protein	other	#838383	153	1
299	bifunctional heptose 7-phosphate kinase/heptose 1-phosphate adenyltransferase	other	#838383	214	1
300	cAMP phosphodiesterase	other	#838383	2282	2
301	cAMP-dependent Kef-type K+ transporter	other	#838383	161	2
302	capsid assembly protein	tail	#07e9a2	111	1
303	carboxypeptidase	other	#838383	878	2
304	cation efflux protein	moron	 auxiliary metabolic gene and host takeover	#ff59f5	128	1
305	cef modifier of supressor tRNAs	moron	 auxiliary metabolic gene and host takeover	#ff59f5	1494	1
306	cell division inhibitor	moron	 auxiliary metabolic gene and host takeover	#ff59f5	1473	2
307	central tail fiber J	tail	#07e9a2	13944	1
308	chaperonin groEL	other	#838383	265	1
309	chemotaxis inhibition protein	moron	 auxiliary metabolic gene and host takeover	#ff59f5	183	1
310	chitinase	moron	 auxiliary metabolic gene and host takeover	#ff59f5	64	1
311	clamp loader of DNA polymerase	DNA	 RNA and nucleotide metabolism	#ffdf59	15426	8
312	co-chaperonin GroES	other	#838383	642	2
313	coat protein	head and packaging	#3e83f6	32	3
314	cobalamin biosynthesis protein	moron	 auxiliary metabolic gene and host takeover	#ff59f5	328	1
315	colanic acid degradation	moron	 auxiliary metabolic gene and host takeover	#ff59f5	284	1
316	cold shock protein	other	#838383	1504	1
317	collagen like minor tail	tail	#07e9a2	1156	2
318	collar tail protein for L-shaped tail fibre attachment	tail	#07e9a2	30	1
319	complement inhibitor	other	#838383	279	1
320	core encoded pilin	moron	 auxiliary metabolic gene and host takeover	#ff59f5	1089	1
321	cro-like repressor	transcription regulation	#a861e3	101	2
322	cyanobacterial phosphoribosylglycinamide formyltransferase	moron	 auxiliary metabolic gene and host takeover	#ff59f5	120	1
323	cysteine dioxygenase	other	#838383	558	2
324	cysteine hydrolase	other	#838383	15	1
325	cysteine protease	lysis	#f35f49	98	1
326	cytidyltransferase	other	#838383	7955	4
327	cytolethal distending toxin A subunit	moron	 auxiliary metabolic gene and host takeover	#ff59f5	105	1
328	cytolethal distending toxin B subunit	moron	 auxiliary metabolic gene and host takeover	#ff59f5	182	1
329	cytolethal distending toxin C subunit	moron	 auxiliary metabolic gene and host takeover	#ff59f5	153	1
330	dATP / dGTP pyrophosphohydrolase	DNA	 RNA and nucleotide metabolism	#ffdf59	2444	1
331	dATP triphosphohydrolase	DNA	 RNA and nucleotide metabolism	#ffdf59	208	1
332	dCMP deaminase	DNA	 RNA and nucleotide metabolism	#ffdf59	8868	3
333	dCMP hydroxymethylase	DNA	 RNA and nucleotide metabolism	#ffdf59	442	1
334	dCTP deaminase	DNA	 RNA and nucleotide metabolism	#ffdf59	1175	1
335	dGTPase inhibitor	other	#838383	230	1
336	dGTPase inhibitor; target for F exclusion	other	#838383	641	1
337	dTDP-4-dehydrorhamnose 3	5-epimerase	moron	 auxiliary metabolic gene and host takeover	#ff59f5	143	1
338	dUTPase	DNA	 RNA and nucleotide metabolism	#ffdf59	7983	3
339	decoy of host sigma32	moron	 auxiliary metabolic gene and host takeover	#ff59f5	839	1
340	decoy of host sigma70	moron	 auxiliary metabolic gene and host takeover	#ff59f5	423	1
341	dehydrogenase	other	#838383	2228	7
342	deoxycytidinylate deaminase	DNA	 RNA and nucleotide metabolism	#ffdf59	121	2
343	deoxynucleoside monophosphate kinase	other	#838383	9362	2
344	deoxyribonucleoside 5' monophosphate phosphatase	other	#838383	3584	3
345	dihydrofolate reductase	DNA	 RNA and nucleotide metabolism	#ffdf59	5496	3
346	dimethyl sulfoxide reductase DmsA	moron	 auxiliary metabolic gene and host takeover	#ff59f5	109	1
347	distal tail protein	tail	#07e9a2	1294	1
348	distal tail protein Dit	tail	#07e9a2	20214	2
349	dsDNA binding protein	DNA	 RNA and nucleotide metabolism	#ffdf59	245	1
350	dual specificity phosphatase	other	#838383	165	2
351	end-filament protein	other	#838383	192	1
352	endolysin	head and packaging	#3e83f6	3653	3
353	endolysin	lysis	#f35f49	130652	116
354	endolysin; inhibits RNA polymerase	lysis	#f35f49	1330	3
355	endolysin; lysM motif	lysis	#f35f49	642	1
356	endonuclease	DNA	 RNA and nucleotide metabolism	#ffdf59	26793	47
357	endonuclease V N-glycosylase UV repair enzyme	DNA	 RNA and nucleotide metabolism	#ffdf59	1831	1
358	endonuclease VII	DNA	 RNA and nucleotide metabolism	#ffdf59	13829	11
359	endonuclease nicking abasic sites generated by host uracil glycosylase Ung	moron	 auxiliary metabolic gene and host takeover	#ff59f5	456	1
360	endoribonuclease	DNA	 RNA and nucleotide metabolism	#ffdf59	1635	1
361	enoyl-CoA hydratase/carnithine racemase-like	moron	 auxiliary metabolic gene and host takeover	#ff59f5	1363	1
362	enterotoxin CtxA	moron	 auxiliary metabolic gene and host takeover	#ff59f5	654	1
363	enterotoxin CtxB	moron	 auxiliary metabolic gene and host takeover	#ff59f5	598	1
364	enterotoxin type A / speL	moron	 auxiliary metabolic gene and host takeover	#ff59f5	731	1
365	esterase	other	#838383	546	2
366	esterase/lipase	other	#838383	2582	8
367	excisionase	integration and excision	#fea328	15234	28
368	excisionase and transcriptional regulator	integration and excision	#fea328	12317	6
369	exonuclease	DNA	 RNA and nucleotide metabolism	#ffdf59	59236	37
370	exonuclease V	DNA	 RNA and nucleotide metabolism	#ffdf59	330	1
371	exonuclease VII	DNA	 RNA and nucleotide metabolism	#ffdf59	1784	1
372	exonuclease VIII	DNA	 RNA and nucleotide metabolism	#ffdf59	3394	1
373	exonuclease recombination-associated	DNA	 RNA and nucleotide metabolism	#ffdf59	1888	1
374	exopolyphosphatase	other	#838383	1194	1
375	ferredoxin	moron	 auxiliary metabolic gene and host takeover	#ff59f5	3363	5
376	ferredoxin oxidoreductase	moron	 auxiliary metabolic gene and host takeover	#ff59f5	234	1
377	ferrochelatase	moron	 auxiliary metabolic gene and host takeover	#ff59f5	1235	2
378	fibritin neck whisker	tail	#07e9a2	2206	2
379	flagellar protein	moron	 auxiliary metabolic gene and host takeover	#ff59f5	113	1
380	flavodoxin	moron	 auxiliary metabolic gene and host takeover	#ff59f5	2219	1
381	galactosyl transferase	moron	 auxiliary metabolic gene and host takeover	#ff59f5	1918	3
382	gam-like host nuclease inhibitor	moron	 auxiliary metabolic gene and host takeover	#ff59f5	4923	2
383	gamma-glutamyl cyclotransferase	moron	 auxiliary metabolic gene and host takeover	#ff59f5	672	1
384	genome terminal protein	DNA	 RNA and nucleotide metabolism	#ffdf59	119	1
385	glucosyltransferase	moron	 auxiliary metabolic gene and host takeover	#ff59f5	3080	3
386	glutamine amidotransferase	moron	 auxiliary metabolic gene and host takeover	#ff59f5	257	2
387	glutathionylspermidine synthase	moron	 auxiliary metabolic gene and host takeover	#ff59f5	253	1
388	glycerophosphoryl diester phosphodiesterase	other	#838383	1410	5
389	glycoside hydrolase	other	#838383	518	2
390	glycosyltransferase	moron	 auxiliary metabolic gene and host takeover	#ff59f5	9226	34
391	goF mRNA metabolism modulator	DNA	 RNA and nucleotide metabolism	#ffdf59	945	4
392	gpCom control of modification	DNA	 RNA and nucleotide metabolism	#ffdf59	74	1
393	guanylate kinase	other	#838383	1285	2
394	haemolysin-type calcium binding	other	#838383	30	1
395	head assembly	head and packaging	#3e83f6	1899	2
396	head closure	connector	#35d7ff	18729	6
397	head closure Hc1	connector	#35d7ff	39566	14
398	head closure Hc1	head and packaging	#3e83f6	185	1
399	head closure Hc2	connector	#35d7ff	7503	4
400	head closure Hc3	connector	#35d7ff	2239	2
401	head decoration	head and packaging	#3e83f6	21440	12
402	head decoration protein	head and packaging	#3e83f6	450	1
403	head fiber protein	head and packaging	#3e83f6	1055	5
404	head maturation protease	head and packaging	#3e83f6	71919	54
405	head morphogenesis	head and packaging	#3e83f6	19286	22
406	head protein	head and packaging	#3e83f6	21922	43
407	head scaffolding protein	head and packaging	#3e83f6	53214	42
408	head vertex assembly chaperone	head and packaging	#3e83f6	2065	2
409	head-tail adaptor	connector	#35d7ff	52605	25
410	head-tail adaptor Ad1	connector	#35d7ff	46560	10
411	head-tail adaptor Ad2	connector	#35d7ff	7107	1
412	head-tail adaptor Ad3	connector	#35d7ff	1939	1
413	head-tail connector protein	connector	#35d7ff	13139	31
414	head-tail joining	connector	#35d7ff	233	1
415	helicase	DNA	 RNA and nucleotide metabolism	#ffdf59	1496	12
416	helicase loader	DNA	 RNA and nucleotide metabolism	#ffdf59	1089	2
417	helicase subunit of the DNA excision repair complex	DNA	 RNA and nucleotide metabolism	#ffdf59	171	1
418	hemagglutinin	other	#838383	174	1
419	hemolysin	other	#838383	3289	3
420	high light inducible protein	other	#838383	8333	3
421	hinge connector of long tail fiber protein distal connector	tail	#07e9a2	1601	2
422	histidyl tRNA synthetase	DNA	 RNA and nucleotide metabolism	#ffdf59	398	1
423	histone family DNA-binding	DNA	 RNA and nucleotide metabolism	#ffdf59	463	2
424	hol-like chemotaxis	other	#838383	850	4
425	holin	lysis	#f35f49	88835	101
426	holin/anti-holin	lysis	#f35f49	6725	5
427	homing endonuclease	DNA	 RNA and nucleotide metabolism	#ffdf59	10325	13
428	homing endonuclease with GIY-YIG motif	DNA	 RNA and nucleotide metabolism	#ffdf59	383	2
429	homing endonuclease with LAGLIDADG motif	DNA	 RNA and nucleotide metabolism	#ffdf59	131	1
430	host RecBCD nuclease inhibitor	moron	 auxiliary metabolic gene and host takeover	#ff59f5	627	2
431	host nuclease inhibitor	moron	 auxiliary metabolic gene and host takeover	#ff59f5	2694	3
432	host range and adsorption protein	moron	 auxiliary metabolic gene and host takeover	#ff59f5	2768	7
433	hyaluronidase	other	#838383	613	3
434	hydrolase	other	#838383	1999	18
435	i-spanin	lysis	#f35f49	118	1
436	immunity protein	other	#838383	487	1
437	immunity to superinfection	moron	 auxiliary metabolic gene and host takeover	#ff59f5	1971	1
438	inhibitor of MrcBC restriction	moron	 auxiliary metabolic gene and host takeover	#ff59f5	662	1
439	inhibitor of host Lon protease	other	#838383	1140	2
440	inhibitor of host transcription	transcription regulation	#a861e3	1830	3
441	inhibitor of transcription initiation and antiterminator	transcription regulation	#a861e3	42	1
442	integrase	integration and excision	#fea328	67851	21
443	internal head protein	head and packaging	#3e83f6	3272	8
444	internal virion lysozyme motif	head and packaging	#3e83f6	976	1
445	internal virion protein	head and packaging	#3e83f6	16699	21
446	internal virion protein with endolysin domain	head and packaging	#3e83f6	4295	1
447	intron encoded nuclease	DNA	 RNA and nucleotide metabolism	#ffdf59	219	1
448	intron-like DNA endonuclease	DNA	 RNA and nucleotide metabolism	#ffdf59	119	1
449	involved in bacteriocin production or immunity	moron	 auxiliary metabolic gene and host takeover	#ff59f5	1672	2
450	kinase	other	#838383	2587	14
451	late promoter transcriptional regulator	transcription regulation	#a861e3	6756	3
452	late sigma transcription factor	transcription regulation	#a861e3	6878	1
453	late transcriptional activator	transcription regulation	#a861e3	3844	3
454	lectin	other	#838383	1099	1
455	levanase	moron	 auxiliary metabolic gene and host takeover	#ff59f5	44	1
456	lipase	moron	 auxiliary metabolic gene and host takeover	#ff59f5	224	1
457	lipoprotein	other	#838383	11545	19
458	lipoprotein precursor	other	#838383	175	1
459	long tail fiber protein distal subunit	tail	#07e9a2	1904	7
460	long tail fiber protein proximal connector	tail	#07e9a2	2077	3
461	lower collar	tail	#07e9a2	273	2
462	lysM motif protein	lysis	#f35f49	1225	2
463	lysis determining protein	lysis	#f35f49	587	1
464	lysis inhibition	lysis	#f35f49	1881	2
465	lysis inhibition; accessory protein	lysis	#f35f49	1511	2
466	lysophospholipase L1-like esterase	other	#838383	155	1
467	lysozyme domain-containing protein	lysis	#f35f49	430	1
468	lytic tail fiber protein	tail	#07e9a2	144	3
469	lytic tail protein	tail	#07e9a2	750	1
470	major capsid protein	head and packaging	#3e83f6	353	1
471	major coat protein	head and packaging	#3e83f6	941	2
472	major head and protease protein	head and packaging	#3e83f6	258	2
473	major head protein	head and packaging	#3e83f6	128716	65
474	major spike protein	head and packaging	#3e83f6	1389	2
475	major tail protein	tail	#07e9a2	66181	36
476	major tail protein with Ig-like domain	tail	#07e9a2	1808	1
477	mazG nucleotide pyrophosphohydrolase	other	#838383	219	1
478	membrane DNA delivery	moron	 auxiliary metabolic gene and host takeover	#ff59f5	184	1
479	membrane associated protein	moron	 auxiliary metabolic gene and host takeover	#ff59f5	3061	7
480	membrane protein	moron	 auxiliary metabolic gene and host takeover	#ff59f5	27994	166
481	membrane-flanked domain	moron	 auxiliary metabolic gene and host takeover	#ff59f5	529	1
482	metal-dependent hydrolase	other	#838383	3389	1
483	metal-dependent phosphohydrolase	other	#838383	1989	3
484	metallo-endopeptidase	other	#838383	280	4
485	metallo-phosphoesterase	other	#838383	7996	4
486	metallo-protease	other	#838383	9011	1
487	methylamine utilization	other	#838383	4036	1
488	methyltransferase	other	#838383	3099	27
489	minor coat protein	head and packaging	#3e83f6	1564	3
490	minor head protein	head and packaging	#3e83f6	31375	50
491	minor head protein Ace-like	head and packaging	#3e83f6	3246	1
492	minor head protein and DNA pilot	head and packaging	#3e83f6	4596	3
493	minor head protein inhibitor of protease	head and packaging	#3e83f6	2061	1
494	minor head protein; receptor binding	head and packaging	#3e83f6	742	1
495	minor tail protein	tail	#07e9a2	192896	145
496	minor tail protein with lysin activity	tail	#07e9a2	4386	1
497	mobile element MPME	moron	 auxiliary metabolic gene and host takeover	#ff59f5	1084	1
498	morphogenesis (protein I of M13)	head and packaging	#3e83f6	790	1
499	neck passage structure	connector	#35d7ff	802	1
500	neck passage structure protein	connector	#35d7ff	187	1
501	neck protein	connector	#35d7ff	5207	9
502	neck protein Ne1	connector	#35d7ff	14	1
503	nicking at origin of replication	DNA	 RNA and nucleotide metabolism	#ffdf59	7929	1
504	nicotinamide phosphoribosyl transferase	other	#838383	4361	4
505	nicotinamide-nucleotide adenylyltransferase	moron	 auxiliary metabolic gene and host takeover	#ff59f5	557	1
506	nitroreductase	other	#838383	36	1
507	nuclear shell protein	DNA	 RNA and nucleotide metabolism	#ffdf59	389	1
508	nuclease	DNA	 RNA and nucleotide metabolism	#ffdf59	2395	10
509	nucleoid associated protein	DNA	 RNA and nucleotide metabolism	#ffdf59	330	1
510	nucleoside 2-deoxyribosyltransferase	DNA	 RNA and nucleotide metabolism	#ffdf59	4922	2
511	nucleoside deoxyribosyltransferase	DNA	 RNA and nucleotide metabolism	#ffdf59	240	2
512	nucleoside triphosphate pyrophosphohydrolase	DNA	 RNA and nucleotide metabolism	#ffdf59	6279	1
513	nucleoside triphosphate pyrophosphohydrolase	other	#838383	1412	3
514	nucleotidase	DNA	 RNA and nucleotide metabolism	#ffdf59	173	1
515	nucleotide kinase	other	#838383	8691	8
516	nucleotide pyrophosphohydrolase	other	#838383	3180	3
517	nucleotide-sugar epimerase	DNA	 RNA and nucleotide metabolism	#ffdf59	3356	1
518	nucleotidyltransferase	DNA	 RNA and nucleotide metabolism	#ffdf59	6831	8
519	nucloid associated Lsr2-like	DNA	 RNA and nucleotide metabolism	#ffdf59	1700	2
520	nudix hydrolase	other	#838383	2162	4
521	ocr-like anti-restriction	moron	 auxiliary metabolic gene and host takeover	#ff59f5	736	1
522	outer membrane protein	other	#838383	3023	4
523	partition protein	DNA	 RNA and nucleotide metabolism	#ffdf59	2576	3
524	partition protein ATPase	other	#838383	1993	2
525	pectate lyase	moron	 auxiliary metabolic gene and host takeover	#ff59f5	169	2
526	pectin lyase activity	moron	 auxiliary metabolic gene and host takeover	#ff59f5	28	1
527	pentameric base spike protein	tail	#07e9a2	136	1
528	peptidase	other	#838383	7431	26
529	peptidase HslV family	other	#838383	1793	1
530	peptide deformylase	other	#838383	692	1
531	peptide methionine sulfoxide reductase	other	#838383	1001	1
532	periplasmic protein	other	#838383	899	1
533	peroxyredoxin antioxidant	other	#838383	932	1
534	phosphatase	other	#838383	5218	2
535	phosphate transporter subunit	moron	 auxiliary metabolic gene and host takeover	#ff59f5	342	1
536	phosphatidylglycerophosphatase A	other	#838383	103	1
537	phospho-2-dehydro-3-deoxyheptonate aldolase	moron	 auxiliary metabolic gene and host takeover	#ff59f5	299	1
538	phosphoadenosine phosphosulfate reductase	moron	 auxiliary metabolic gene and host takeover	#ff59f5	3698	4
539	phosphodiesterase	other	#838383	226	4
540	phosphoesterase	other	#838383	3503	2
541	phosphofructokinase	other	#838383	5416	3
542	phosphoheptose isomerase	moron	 auxiliary metabolic gene and host takeover	#ff59f5	1627	1
543	phosphohydrolase	other	#838383	308	5
544	phosphoribosyl transferase	other	#838383	1122	3
545	phosphoribosylaminoimidazole synthetase	moron	 auxiliary metabolic gene and host takeover	#ff59f5	1735	1
546	phosphoribosylaminoimidazole-succinocarboxamide synthase	moron	 auxiliary metabolic gene and host takeover	#ff59f5	1867	1
547	photosystem I psaA/psaB protein	moron	 auxiliary metabolic gene and host takeover	#ff59f5	30	1
548	photosystem II D1	moron	 auxiliary metabolic gene and host takeover	#ff59f5	8157	2
549	photosystem II D2	moron	 auxiliary metabolic gene and host takeover	#ff59f5	85	1
550	pilin	moron	 auxiliary metabolic gene and host takeover	#ff59f5	588	1
551	pilot protein for DNA ejection	tail	#07e9a2	2138	12
552	plasmid antitoxin with HTH domain	moron	 auxiliary metabolic gene and host takeover	#ff59f5	998	2
553	plasmid stability	DNA	 RNA and nucleotide metabolism	#ffdf59	3456	1
554	plastoquinol terminal oxidase	moron	 auxiliary metabolic gene and host takeover	#ff59f5	478	1
555	polarity suppression Psu-like by overcoming Rho	DNA	 RNA and nucleotide metabolism	#ffdf59	308	2
556	poly-gamma-glutamate hydrolase	other	#838383	399	1
557	polymerase	DNA	 RNA and nucleotide metabolism	#ffdf59	1412	8
558	polynucleotide kinase	other	#838383	8002	3
559	polynucleotide kinase/phosphorylase	other	#838383	365	1
560	polysaccharide chain length determinant protein	moron	 auxiliary metabolic gene and host takeover	#ff59f5	216	1
561	polysaccharide deacetylase	moron	 auxiliary metabolic gene and host takeover	#ff59f5	79	2
562	porphyrin biosynthesis	moron	 auxiliary metabolic gene and host takeover	#ff59f5	6012	1
563	portal protein	head and packaging	#3e83f6	128690	51
564	pre-neck appendage protein	connector	#35d7ff	394	2
565	primase	DNA	 RNA and nucleotide metabolism	#ffdf59	305	5
566	primosomal protein	DNA	 RNA and nucleotide metabolism	#ffdf59	903	5
567	prohead	head and packaging	#3e83f6	2211	4
568	prohead protease inhibitor	head and packaging	#3e83f6	189	1
569	protease	other	#838383	4479	15
570	protein kinase; inhibitor of host transcription; positively regulates RNaseIII; negatively on RNaseE	other	#838383	95	2
571	protein with Ig domain	other	#838383	576	1
572	pseudomurein endosiopeptidase	other	#838383	28	1
573	pyramid forming protein	head and packaging	#3e83f6	180	1
574	pyrophosphatase	other	#838383	955	3
575	quaternary ammonium compound-resistance protein QacE	moron	 auxiliary metabolic gene and host takeover	#ff59f5	866	1
576	queuine tRNA-ribosyltransferase	moron	 auxiliary metabolic gene and host takeover	#ff59f5	3559	4
577	quinone oxidoreductase TQO	moron	 auxiliary metabolic gene and host takeover	#ff59f5	413	1
578	radical SAM domain protein	other	#838383	104	1
579	radical SAM domain-containing protein	other	#838383	1621	10
580	receptor binding tail protein	tail	#07e9a2	1835	3
581	recombinase	other	#838383	1982	10
582	recombination directionality factor	integration and excision	#fea328	886	4
583	regulator of chromosome condensation	DNA	 RNA and nucleotide metabolism	#ffdf59	670	3
584	released from the phage upon host infection	other	#838383	3233	4
585	replication	DNA	 RNA and nucleotide metabolism	#ffdf59	313	2
586	replication helicase	DNA	 RNA and nucleotide metabolism	#ffdf59	1361	1
587	replication initiation O-like	DNA	 RNA and nucleotide metabolism	#ffdf59	11913	8
588	replication initiation by nicking	DNA	 RNA and nucleotide metabolism	#ffdf59	155	1
589	replication initiation protein	DNA	 RNA and nucleotide metabolism	#ffdf59	31471	48
590	replication origin binding	DNA	 RNA and nucleotide metabolism	#ffdf59	542	1
591	replication protein	DNA	 RNA and nucleotide metabolism	#ffdf59	2397	15
592	replication terminator	DNA	 RNA and nucleotide metabolism	#ffdf59	1365	2
593	replicative helicase-primase	DNA	 RNA and nucleotide metabolism	#ffdf59	610	1
594	replisome organizer	DNA	 RNA and nucleotide metabolism	#ffdf59	543	4
595	replisome organizer DnaA-like	DNA	 RNA and nucleotide metabolism	#ffdf59	170	1
596	restriction alleviation ral	DNA	 RNA and nucleotide metabolism	#ffdf59	1210	1
597	restriction endonuclease	DNA	 RNA and nucleotide metabolism	#ffdf59	1010	5
598	restriction endonuclease II	DNA	 RNA and nucleotide metabolism	#ffdf59	164	4
599	restriction enzyme I	DNA	 RNA and nucleotide metabolism	#ffdf59	41	1
600	restriction enzyme III	DNA	 RNA and nucleotide metabolism	#ffdf59	30	1
601	rhodanese-related sulfurtransferase	other	#838383	1167	2
602	ribonuclease	DNA	 RNA and nucleotide metabolism	#ffdf59	628	1
603	ribonuclease toxin of AT system	moron	 auxiliary metabolic gene and host takeover	#ff59f5	267	1
604	ribonucleoside diphosphate reductase small subunit	DNA	 RNA and nucleotide metabolism	#ffdf59	13634	3
605	ribonucleoside reductase class II	DNA	 RNA and nucleotide metabolism	#ffdf59	4575	1
606	ribonucleoside-diphosphate reductase beta subunit	DNA	 RNA and nucleotide metabolism	#ffdf59	206	1
607	ribonucleoside-diphosphate reductase large subunit	DNA	 RNA and nucleotide metabolism	#ffdf59	13479	1
608	ribonucleotide reductase	DNA	 RNA and nucleotide metabolism	#ffdf59	6089	11
609	ribonucleotide reductase NrdA-like	DNA	 RNA and nucleotide metabolism	#ffdf59	39	1
610	ribonucleotide reductase alpha subunit	DNA	 RNA and nucleotide metabolism	#ffdf59	401	1
611	ribonucleotide reductase class Ia beta subunit	DNA	 RNA and nucleotide metabolism	#ffdf59	420	3
612	ribonucleotide reductase large subunit	DNA	 RNA and nucleotide metabolism	#ffdf59	1006	3
613	ribose-phosphate pyrophosphokinase	other	#838383	3121	1
614	ribosomal protein S21	moron	 auxiliary metabolic gene and host takeover	#ff59f5	37	1
615	ribosomal protein S6 glutaminyl transferase	moron	 auxiliary metabolic gene and host takeover	#ff59f5	723	1
616	ribosome associated inhibitor A; zinc finger domain	moron	 auxiliary metabolic gene and host takeover	#ff59f5	1628	1
617	ribulose-1;5-bisphosphate carboxylase/oxygenase small subunit	moron	 auxiliary metabolic gene and host takeover	#ff59f5	520	1
618	rolling circle DNA replication initiation	DNA	 RNA and nucleotide metabolism	#ffdf59	392	1
619	scaffolding protein	head and packaging	#3e83f6	408	1
620	secreted protein	other	#838383	4389	3
621	segregation and condensation complex subunit ScpB	DNA	 RNA and nucleotide metabolism	#ffdf59	710	2
622	serine-threonine kinase	other	#838383	1336	3
623	short tail fiber protein	tail	#07e9a2	1693	5
624	sigma 54 modulation protein/ribosomal protein S30EA	other	#838383	111	1
625	sigma factor	transcription regulation	#a861e3	1308	4
626	sigma factor for late transcription	transcription regulation	#a861e3	115	1
627	sigma-K factor	transcription regulation	#a861e3	4692	1
628	signal peptide motif	other	#838383	267	1
629	single strand DNA binding protein	DNA	 RNA and nucleotide metabolism	#ffdf59	37911	31
630	single strand annealing protein	DNA	 RNA and nucleotide metabolism	#ffdf59	1430	3
631	site-specific recombination directionality factor RDF	integration and excision	#fea328	10942	4
632	spackle periplasmic	other	#838383	1307	1
633	spanin	lysis	#f35f49	345	1
634	spore coat protein	head and packaging	#3e83f6	149	1
635	spore protease	other	#838383	122	1
636	sporulation protein	moron	 auxiliary metabolic gene and host takeover	#ff59f5	217	3
637	sporulation stage III protein D	moron	 auxiliary metabolic gene and host takeover	#ff59f5	96	1
638	starvation-inducible transcriptional regulator	transcription regulation	#a861e3	2391	1
639	straight fibre tail protein	tail	#07e9a2	506	1
640	stringent starvation protein Sspb-like	moron	 auxiliary metabolic gene and host takeover	#ff59f5	159	1
641	structural protein	head and packaging	#3e83f6	10139	10
642	structural protein with Ig domain	head and packaging	#3e83f6	4749	1
643	sulfatase-modifying factor enzyme	other	#838383	130	1
644	superinfection exclusion	moron	 auxiliary metabolic gene and host takeover	#ff59f5	1338	3
645	superinfection exclusion Sie-like	moron	 auxiliary metabolic gene and host takeover	#ff59f5	131	1
646	superinfection exclusion SieA-like	moron	 auxiliary metabolic gene and host takeover	#ff59f5	158	1
647	superinfection exclusion; inhibits SieB	moron	 auxiliary metabolic gene and host takeover	#ff59f5	971	1
648	superoxide dismutase precursor	moron	 auxiliary metabolic gene and host takeover	#ff59f5	622	1
649	tRNA amidotransferase	DNA	 RNA and nucleotide metabolism	#ffdf59	1428	1
650	tRNA methyltransferase	other	#838383	325	2
651	tRNA nucleotidyltransferase	DNA	 RNA and nucleotide metabolism	#ffdf59	966	2
652	tRNA splicing ligase	DNA	 RNA and nucleotide metabolism	#ffdf59	1834	1
653	tRNA splicing ligase RtcB	DNA	 RNA and nucleotide metabolism	#ffdf59	28	1
654	tRNA synthetase	DNA	 RNA and nucleotide metabolism	#ffdf59	41	2
655	tRNA-His guanylyltransferase	DNA	 RNA and nucleotide metabolism	#ffdf59	399	1
656	tail appendage	tail	#07e9a2	187	1
657	tail assembly chaperone	tail	#07e9a2	52378	96
658	tail assembly protein	tail	#07e9a2	30336	14
659	tail associated cell-wall hydrolase	other	#838383	1836	1
660	tail associated lysin	tail	#07e9a2	3359	2
661	tail chaperone protein	tail	#07e9a2	5486	1
662	tail chaperonin	tail	#07e9a2	458	1
663	tail collar fiber protein	tail	#07e9a2	6653	8
664	tail collar protein	tail	#07e9a2	1187	6
665	tail completion	connector	#35d7ff	488	2
666	tail completion or Neck1 protein	connector	#35d7ff	78191	10
667	tail fiber adhesin	tail	#07e9a2	1255	2
668	tail fiber assembly	tail	#07e9a2	9964	7
669	tail fiber assembly protein	tail	#07e9a2	11546	6
670	tail fiber chaperone	tail	#07e9a2	2186	2
671	tail fiber protein	tail	#07e9a2	81646	276
672	tail fiber protein and host specificity	tail	#07e9a2	2459	1
673	tail fiber protein proximal subunit	tail	#07e9a2	2242	2
674	tail fiber protein/ lysozyme	tail	#07e9a2	138	2
675	tail fiber protein; Ig-domain containing	tail	#07e9a2	111	1
676	tail fiber protein; host specificity	tail	#07e9a2	1468	5
677	tail injection transglycosylase	other	#838383	117	1
678	tail length tape measure protein	tail	#07e9a2	97783	161
679	tail length tape measure protein chaperone	tail	#07e9a2	27	1
680	tail needle knob	tail	#07e9a2	1375	1
681	tail needle protein	tail	#07e9a2	1128	1
682	tail protease	other	#838383	459	1
683	tail protein	tail	#07e9a2	133190	237
684	tail protein XkdN-like	tail	#07e9a2	2733	1
685	tail protein and host specificity	tail	#07e9a2	926	3
686	tail protein with endopeptidase activity	other	#838383	395	1
687	tail protein with endopeptidase domain	other	#838383	3230	1
688	tail protein with lysin activity	tail	#07e9a2	2945	4
689	tail protein with peptidase activity	other	#838383	131	1
690	tail sheath	tail	#07e9a2	39159	25
691	tail sheath and receptor binding protein	tail	#07e9a2	82	1
692	tail sheath stabilizer	tail	#07e9a2	6888	1
693	tail spike protein	tail	#07e9a2	5585	34
694	tail spike protein with colonic acid degradation activity	tail	#07e9a2	121	1
695	tail terminator	connector	#35d7ff	57696	15
696	tail tip protein Tal	head and packaging	#3e83f6	49	1
697	tail tube	tail	#07e9a2	20575	1
698	tail tube protein	tail	#07e9a2	9028	15
699	tail tubular protein	tail	#07e9a2	161	1
700	taurine catabolism dioxygenase	moron	 auxiliary metabolic gene and host takeover	#ff59f5	41	1
701	tellurite resistance	moron	 auxiliary metabolic gene and host takeover	#ff59f5	2092	3
702	terminase	head and packaging	#3e83f6	3736	12
703	terminase large subunit	head and packaging	#3e83f6	130601	55
704	terminase small subunit	head and packaging	#3e83f6	94902	72
705	tetrahydrofolate dehydrogenase and cyclohydrolase	other	#838383	129	1
706	thioredoxin domain	DNA	 RNA and nucleotide metabolism	#ffdf59	25968	6
707	threonine dehydratase	other	#838383	206	1
708	thymidine kinase	other	#838383	3262	2
709	thymidylate kinase	other	#838383	4065	5
710	thymidylate synthase	DNA	 RNA and nucleotide metabolism	#ffdf59	23921	15
711	thymidylate synthase complementing protein	DNA	 RNA and nucleotide metabolism	#ffdf59	164	1
712	toxin	moron	 auxiliary metabolic gene and host takeover	#ff59f5	4767	14
713	toxin of TA system	moron	 auxiliary metabolic gene and host takeover	#ff59f5	379	1
714	toxin-antitoxin system HicB-like	moron	 auxiliary metabolic gene and host takeover	#ff59f5	2464	1
715	transaldolase	other	#838383	4157	1
716	transcription antiterminator	transcription regulation	#a861e3	217	3
717	transcription factor	transcription regulation	#a861e3	543	4
718	transcriptional activator	transcription regulation	#a861e3	7265	5
719	transcriptional regulator	transcription regulation	#a861e3	100181	127
720	transcriptional regulator WhiB-like	transcription regulation	#a861e3	2087	12
721	transcriptional regulator	 D5-like	transcription regulation	#a861e3	3530	1
722	transcriptional repressor	transcription regulation	#a861e3	99495	57
723	transfer protein	other	#838383	204	1
724	transglycosylase	other	#838383	3074	18
725	translation elongation factor	other	#838383	144	1
726	translation initiation factor	other	#838383	127	1
727	translation repressor	other	#838383	6844	2
728	translational regulator	other	#838383	167	1
729	transmembrane protein	other	#838383	215	2
730	transposase	integration and excision	#fea328	35926	43
731	tryptophan halogenase	other	#838383	680	1
732	tubulin PhuZ	DNA	 RNA and nucleotide metabolism	#ffdf59	386	1
733	type I-E anti-CRISPR protein	moron	 auxiliary metabolic gene and host takeover	#ff59f5	132	1
734	type I-F anti-CRISPR protein	moron	 auxiliary metabolic gene and host takeover	#ff59f5	110	1
735	tyrosyl-tRNA synthetase	DNA	 RNA and nucleotide metabolism	#ffdf59	111	1
736	undefined	unknown function	#c9c9c9	5263040	104077
737	universal stress protein	other	#838383	138	1
738	unknown function	unknown function	#c9c9c9	44495	29
739	upper collar connector	connector	#35d7ff	898	1
740	uracil-DNA glycosylase	DNA	 RNA and nucleotide metabolism	#ffdf59	26	1
741	valyl tRNA synthetase modifier	DNA	 RNA and nucleotide metabolism	#ffdf59	1757	2
742	virion RNA polymerase	DNA	 RNA and nucleotide metabolism	#ffdf59	895	1
743	virion structural protein	head and packaging	#3e83f6	112857	411
744	virulence associated	other	#838383	4139	1
745	zinc carboxypeptidase	other	#838383	292	1
746	zinc containing alcohol dehydrogenase superfamily	other	#838383	372	1
747	zinc-finger domain protein	other	#838383	608	9
748	zinc-finger protease	other	#838383	218	1